path,bytes,sha256,rows,hash_compared
data/facebook/facebook_comments.csv,9925457,f5773454f695c69f668df68e23d746fcb29b003b353c88a1a2eb942f1d6ee209,59736,True
data/facebook/facebook_comments_vader.csv,11677009,62d67776fce09d939d737f82822a680735545292d22ce3ceb1f4dd04cb2d6d8d,59736,True
data/facebook/facebook_master.csv,10466403,ef5082291d915add67744c35f59e20d230c01b4d1b7d2524db501cce92a06536,60688,True
data/facebook/facebook_master_vader.csv,12186513,545bf6f157a0b58e93d99c87d9812f56cdb56cb69ec17ec600851d1b94f76e92,60688,True
data/facebook/facebook_posts.csv,480335,a8f97d38e618cdced6fca6eca603b3fb7cfd2be4ae62ef5fa684c5e94397cc55,952,True
data/facebook/facebook_posts_vader.csv,509639,d65d92013646536bdec687bd8fddad7d9fed34e55a0813e76d79f9b3ac7fb9dc,952,True
data/merged/chi_square_results.md,3963,2ef7677987d04c0999f9a96280062e3c062bbfbf51d3745e2c16ad1f44e593bb,,True
data/merged/ground_truth_400.csv,93724,f8ff2e68af4a74afbaf0470a265834751c96c30d35f2f9be6196d7133e1cabed,400,True
data/merged/h2_results_jose.csv,2590,565940d2a6b23b2f5636c22c871420bf9eefbf5cda81d883c412b2bcffd38aa4,18,True
data/merged/h5_results_jose.csv,4099,2129b51d86bef2c1b27d80e3e1a3a4f1ff9cb4101241d293ad419c57d8d0d833,39,True
data/merged/hypothesis_tests_all7_jose.csv,11109,37c0433ab7ee12113fc0e029c95c565239730e277eec6cd74a286b7233018c9e,93,True
data/merged/hypothesis_tests_results_angelo.csv,13491,230ba269d2d70b18bdbb3797a0628a7baa1ed72850b5b3cff2d723e688e8208d,93,True
data/merged/hypothesis_tests_results_angelo.md,10844,a4005fbb6fe3c90b88b980496a7cb952c3f2e6b8fd0d065539437af6f5d65869,,True
data/merged/hypothesis_tests_results_jose.csv,3796,2a41be5b615ef4cbc69a96b1208498012ec95ac48d6fe0d7fb36fb6e5a57163c,36,True
data/merged/manual_label_sample_angelo.csv,83166,848da1a9f37a75d323ff0cc29a69d02fbbb5a6b5cd6ea04a83d2b3c6b34ef1f7,400,True
data/merged/manual_label_sample_jose.csv,83163,25f8ccfe79ac002899116afe9f0e66ccd6c1f28f6f92a0759decf7045eaa34cc,400,True
data/merged/master_vader_roberta_topics.csv,75384147,31d706e95eda0510ec4e54d3bc78944abb9d91512153ec592cbb86d7ca0561d2,187359,True
data/merged/subreddit_comment_counts.csv,761,1ccbe51d9ae6657fdea40a71769aca3fd56cbd2a74830dd4332c72bbf9243b33,10,True
data/merged/topic_dist_by_hurricane.csv,375,e37086690219455994298bab466c2f7ea0790b8cc9cb13aea2c4cf32b6f1a2b5,9,True
data/merged/topic_dist_by_source_type.csv,379,dbaa21f7466900dbc93005f5b537b8e8f05037f11f693c955b58acfa34056e88,9,True
data/merged/topic_dist_by_subreddit.csv,437,56adc9630b8dbb4160c575df9a4a66553797fd74b823a6f02b626e049c46934c,9,True
data/merged/vader_comparison_table_comments.csv,532,32edab830a80102e4db3f217603bb9718bd6048a903facddf2aa0e455b6b94dc,8,True
data/merged/vader_comparison_table_posts.csv,494,41b068c2ee84495b76c3bac69fda213e9249213e86bd44dd241a816ac4f3db0e,8,True
data/processed/facebook_comments_vader_roberta_topics_labeled.csv,17904933,eab6b13c9660d15be9fa7d5e5767ce122ff1db5cfeb28021f5aa2a3d7c2d05d3,59736,True
data/processed/facebook_posts_vader_roberta_topics_labeled.csv,631452,f8f5e10b087ba3296232be72896f5f8bfbeb4fabf0eb4c0582ed551d62ab0180,952,True
data/processed/reddit_relevant_comments_vader_roberta_topics_labeled.csv,48509316,e045b15bc5428995e4825a768d6d787f62d6149404f54535c06e399748b0e275,121053,True
data/processed/reddit_relevant_posts_vader_roberta_topics_labeled.csv,2429495,71f88e84b717b055fb1a4cada7607b97b25a5d7b44cb2e31ec453ef94e8560c4,3413,True
data/processed/whitehouse_threads_comments_vader_roberta_topics_labeled.csv,1023214,fee6e85697fba3b05fae435c14b441bd114c185f84fff1c78e2ef1d5284c5196,2193,True
data/processed/whitehouse_threads_posts_vader_roberta_topics_labeled.csv,17089,bd1f09627784d84bf457ba67370c246f58d0e66a6a3b3396b33814fc44970b5c,12,True
data/reddit/combined/reddit_clean.csv,46840746,a700d60b824d03bbf859a66e7c6eae3964126ac3c71c517d4b6d18159485f784,185668,True
data/reddit/combined/reddit_clean_flagged.csv,51570140,d10aaf72ca71ad79e7dc09299c3fc9c1781856609ca879712adc4c2e32c7c8f2,185668,True
data/reddit/combined/reddit_comments_all.csv,68204811,f1048afbdf5126e54be3d4f0de2d35ee3297d050b1e3b3494ecba43833ad29f8,222477,True
data/reddit/combined/reddit_posts_all.csv,3379100,036f0827aceed0d0c1fe9ada4ca7c9a4288e0a2310e3f1c447b5bcf47c743e5e,6908,True
data/reddit/combined/reddit_relevant.csv,33573427,6a584161d0f2892530447c2ee2ce9b36f63a6ca74be5041083889ac0f4b54d26,124466,True
data/reddit/combined/reddit_relevant_comments.csv,31769922,ef4c0559bd007575c1ee9725bc957c8f19941c304da179caef01c4dd84d945e8,121053,True
data/reddit/combined/reddit_relevant_posts.csv,1924690,1dfde4d2b69c130c61a0faa89a4254b167cfdcf55d4c67521bb372e6ae8a77f6,3413,True
data/reddit/combined/reddit_relevant_vader.csv,37388250,8b50b24013cd6a5f1cd9c3106e9ab62b66b1c1cbc7ad1a80949eaa4fd34cd4f5,124466,True
data/reddit/combined/reddit_relevant_vader_comments.csv,35358947,88b1de229d4b7adf4a937b041c68fa0a0b7917ef148bdb3739b07c25514d9cc2,121053,True
data/reddit/combined/reddit_relevant_vader_posts.csv,2029491,70d10389c15c52916af615535875a6d4e1d0065b2c2f9b428b16565b861f65b9,3413,True
data/reddit/combined/whitehouse_relevant.csv,694123,111456efc4e6ad9c5ef28d670eee9c85708eb9d73424f3299daac9c92adca2b7,2205,True
data/reddit/whitehouse/helene_comments.csv,644886,1a94fa454817f99eb21e2cf88f7da2acd0f2f8beacc6620ee4c9094e28ff95bc,2194,True
data/reddit/whitehouse/helene_comments_cleaned.csv,618151,3323af261363622c8dad3bab88f1d1434c58dde75ef6145a509569d85a5640fa,1963,True
data/reddit/whitehouse/helene_posts.csv,10548,8142267149b711ef6fd92d8da26fb8ac31390f44f793bd391ba8a1836d8cc3f4,10,True
data/reddit/whitehouse/milton_comments.csv,381214,4a9594dddc73a2a333d91f8d6b372506a69a204b36541988f6cb790017a2acc5,1915,True
data/reddit/whitehouse/milton_comments_cleaned.csv,70176,29ae2c96b25a283a20127e5c6f02900452a775d09622c77f52afe59a808f4698,230,True
data/reddit/whitehouse/milton_posts.csv,5020,aa915c7a96810713c242fde1f21a75e203d67d75db8b1c09599ab579a812f9e1,5,True
data/reddit/whitehouse/whitehouse_threads.csv,694123,111456efc4e6ad9c5ef28d670eee9c85708eb9d73424f3299daac9c92adca2b7,2205,True
data/reddit/whitehouse/whitehouse_threads_comments.csv,679172,46ca04d7d389559e0f5000ed66efab6c395c0c79961ec92175069f2fe68919d9,2193,True
data/reddit/whitehouse/whitehouse_threads_posts.csv,15082,24caf6c93ab459f4a3ebb044640de0883c4e03c29839e5ce4538f2732a0e0556,12,True
data/reddit/whitehouse/whitehouse_threads_vader.csv,763274,e93caf2c1c6691998a03344d4da9c7cd9b8f0d5043928a053df2543a6ebcbc5a,2205,True
data/roberta/agreement_metrics.txt,8400,0347af4069c282623dd762710e014283bff0cb5cef85a6ff9a9be1259156d5d4,,True
data/roberta/disagreement_examples_100.csv,23468,18315ad029d60280cfa75eefd143187dbc62eefa66bc1cf0def375a3664711a7,100,True
data/roberta/facebook_comments_vader_roberta.csv,14377427,1576a6d759f17c88e22605962910a4a65f0fcae6bef787b1f266f82744967576,59736,True
data/roberta/facebook_posts_vader_roberta.csv,553803,dfef1d3c56d7e7fdb729eec2569fe9b026bc2f4a57008fd5f1852273030caf35,952,True
data/roberta/reddit_relevant_comments_vader_roberta.csv,40788593,7749b75e14d01c5e5ce0f4e3ad6e9b65e3c437d3bd40a5386c6ddac81b717b6b,121053,True
data/roberta/reddit_relevant_posts_vader_roberta.csv,2184897,3c15d97b3ee86d5feda679185840443b677b1a3a5d5ec8d6454cf746f599ed3b,3413,True
data/roberta/whitehouse_threads_comments_vader_roberta.csv,845474,0b0091241cf17c149f51c409ef02dfeb520b501f22ffe43901122b43106006b0,2193,True
data/roberta/whitehouse_threads_posts_vader_roberta.csv,16135,0dcec7fa3e20ba0ef3daf63fc93c1bf563f813e3112cd22b925b7d53a4a94513,12,True
data/vader/facebook_comments_vader.csv,11677009,62d67776fce09d939d737f82822a680735545292d22ce3ceb1f4dd04cb2d6d8d,59736,True
data/vader/facebook_posts_vader.csv,509639,d65d92013646536bdec687bd8fddad7d9fed34e55a0813e76d79f9b3ac7fb9dc,952,True
data/vader/reddit_relevant_vader_comments.csv,35480001,52618e053897b1030cd7018c00ad9e89b7d605ef7fd6a4b02eb3c6a1a8c0e812,121053,True
data/vader/reddit_relevant_vader_posts.csv,2029491,70d10389c15c52916af615535875a6d4e1d0065b2c2f9b428b16565b861f65b9,3413,True
data/vader/whitehouse_threads_comments_vader.csv,747941,63392c079d6fbd33b108f636414ec87ecdd1e45460e936b96e1967d1f71dba97,2193,True
data/vader/whitehouse_threads_posts_vader.csv,15521,dbbbf8a6853006aeb2cf3cd522ab5940a150d46d1bd07025b381fcb250689563,12,True
docs/README.md,2273,1219cdf9ce06eb75ed5ba72fe770e8b2fa2aec5075c77bc520812cec48c2f57f,,True
docs/week1/facebook_build_log.txt,383,0a0f2036ba2c6f6e6d79246d7d99b5e0817e94551e8219ba9da385edeba65f86,,True
docs/week1/subreddit_selection_and_counts.md,3433,00f0c209a3edc38eb6678a137caf2c4df4d65f045f79b770c2b9ff9970849821,,True
docs/week2/vader_reproduction_50row.csv,9032,1733422ce1770f0589892edc0d5c0d968f89189b0e5f28bab5877bc1c1964b1b,50,True
docs/week3/roberta_processing_log.md,4309,2c7d27d8f41626a61b6a075bd855237bb15e65cbad9eafa9e91713c9ea013d57,,True
docs/week4/Topic Codebook.md,21450,d6e90f1a9679741946659e7240a5f190771ec3da721ed17e279961529412d550,,True
docs/week4/bertopic_run_log.md,8675,4a167fbbb21a33836266559bbabbab9881f91161872a8844af3da464723e5b62,,True
docs/week4/interannotator_kappa.md,1757,5e4386a8ea82be6232eba8fbcd37b3081ed5f7c4c2f092336c192cd400b9df41,,True
docs/week4/topic_review.md,7213,09c9f2f3e2f7c400c84e56ab7b01ed5a65846ba5d5bcf85e41bbeb075913e1dd,,True
docs/week5/data_verification_week5.md,2969,94bb4c295e80794aa90bc270bed84c99b613f965765e76bc08b7ee7320cd2e80,,True
docs/week5/h2_temporal_results.md,3425,67c1143162dedbda6d49a46ce86cb8a5df8738725a849adaae5c327169f7e82c,,True
docs/week5/h5_subreddit_results.md,4716,9ce8740caec28ca80b1d148a2d786e44b8055450aec47222f35a90d0d3135aa0,,True
docs/week5/hypothesis_tests_results.md,3758,c64eeaf425767757a8dd24a0ae43c86aad4b18bdd24f800098b1dd83a5210b08,,True
docs/week5/method_validation_report.md,3944,8deedaca2389aa291b2edd4155e3dff9bd377c613d14839b08d7fb4dfbb908be,,True
docs/week5/statistical_results_summary.md,7698,a154fb7791f1818e248f3434be3723765af28858630689a4f8f10b7a0f362ae8,,True
docs/week5/statistical_results_table.md,2817,36adae6ea128b9bc6f56b15599cefc505c2b41ac57f863493f454b97137be87c,,True
docs/week6/f1_dataset_overview_results.md,600,8c2dbc8d821cf3ef646e3d6e2e92431541dba74625218e2d6d0a32756b1d692a,,True
docs/week6/f3_three_way_results.md,1559,8cf93729c30a3aa0f37931b4413674933ddf51d6155eb69fa505753d5e0a613a,,True
docs/week6/f4_sentiment_distribution_results.md,1351,a2b9d96f9e8afe02af755ff0c0d502d911c23f0c093b5a564b37aed2b82a311e,,True
docs/week6/f6_agreement_results.md,913,97a00e48a41fc4b1c84e0c9a72be98cda5ced5aa622d1d8fd3bc9b21ae10b4ba,,True
docs/week6/f7_topic_distribution_by_source_type_results.md,924,7f7fed12047b0e87aac707363eb32ce0b8bc3b3eef0680a2d75b0bc354f608ed,,True
docs/week6/f8_topic_evolution_results.md,641,f91596868970e89e2fcdee55c4e59365147ff25a7764818aa0a2b1e61e6ab81b,,True
docs/week6/f9_whitehouse_case_study_results.md,1034,0bd5e8d6b6951ad32bfa41936e0bd5c7a179befa2e3fdf302fd71fae94bf7900,,True
docs/week6/figures_status.md,4501,025298da8e44ac164fb2b0ffbc53e9ac7579c0dcb65e9ad4c3fe16fc7c7e091d,,True
docs/week6/h7_pooled_helene_check.md,1977,cc36da2ec9fb96261069f9b1c692ceb12419dc43a21cb5aab0043abeb5af81eb,,True
docs/week6/hypothesis_results_analysis.md,5398,839a4bc561dd619d6eddcc0b71ab2253fbc439f20fbdc19519f63134126121be,,True
figures/f1_dataset_overview.pdf,31576,,,False
figures/f1_dataset_overview.png,170084,,,False
figures/f3_three_way_roberta.pdf,30112,,,False
figures/f3_three_way_roberta.png,158436,,,False
figures/f3_three_way_vader.pdf,28839,,,False
figures/f3_three_way_vader.png,159485,,,False
figures/f4_sentiment_distribution_roberta.pdf,23258,,,False
figures/f4_sentiment_distribution_roberta.png,172923,,,False
figures/f4_sentiment_distribution_vader.pdf,23719,,,False
figures/f4_sentiment_distribution_vader.png,171809,,,False
figures/f6_vader_roberta_agreement.pdf,32559,,,False
figures/f6_vader_roberta_agreement.png,189274,,,False
figures/f7_topic_distribution_by_source_type.pdf,19129,,,False
figures/f7_topic_distribution_by_source_type.png,240757,,,False
figures/f8_topic_evolution.pdf,97059,,,False
figures/f8_topic_evolution.png,213448,,,False
figures/f9_whitehouse_case_study.pdf,19520,,,False
figures/f9_whitehouse_case_study.png,272336,,,False
figures/h2_temporal_curves.pdf,21340,,,False
figures/h2_temporal_curves.png,415168,,,False
figures/h2_temporal_curves_roberta.pdf,21499,,,False
figures/h2_temporal_curves_roberta.png,380467,,,False
figures/h5_subreddit_box.pdf,16045,,,False
figures/h5_subreddit_box.png,126149,,,False
figures/h5_summary_table_for_tania.png,134601,,,False
figures/landfall_trajectories/debby_comments.png,68929,,,False
figures/landfall_trajectories/debby_posts.png,74307,,,False
figures/landfall_trajectories/helene_comments.png,62278,,,False
figures/landfall_trajectories/helene_posts.png,68979,,,False
figures/landfall_trajectories/milton_comments.png,76699,,,False
figures/landfall_trajectories/milton_posts.png,58028,,,False
figures/landfall_trajectories/per_day_means.csv,2604,e3daa0662e1ae6bded24ebdd9b74b0d0a1f7378e53befffab61b51295789552b,71,True
figures/method_agreement_H1_H5.png,193243,,,False
figures/placeholder.txt,125,bdc1942595926b7f92d265b20f8c4ca6cc3e08064627a4e969a38e999153f2da,,True
figures/topics/topic_dist_by_source_type.pdf,16509,,,False
figures/topics/topic_dist_by_source_type.png,263130,,,False
figures/topics/topic_heatmap_by_hurricane.pdf,31350,,,False
figures/topics/topic_heatmap_by_hurricane.png,187069,,,False
figures/topics/topic_temporal_evolution.pdf,18343,,,False
figures/topics/topic_temporal_evolution.png,266222,,,False
figures/topics/wh_topic_breakout.pdf,15769,,,False
figures/topics/wh_topic_breakout.png,137067,,,False
