id,link_id,parent_id,subreddit,author,created_utc,created_date,score,body,hurricane,source_type,keyword_hit
lo95jp8,t3_1fma10v,t3_1fma10v,hurricane,TheRealRollestonian,1726946876,2024-09-21 19:27,1,"I can't speak from actual experience, but I imagine that during that brief period, everything would remain calm.  During Hurricane Ian, the water in Charlotte Harbor significantly receded.  It's called blowout tide when you're on the back side.",helene,community_discussion,hurricane
lo980u0,t3_1fma10v,t3_1fma10v,hurricane,BranchLatter4294,1726947743,2024-09-21 19:42,8,"The eye has low pressure, so the water level is slightly higher than outside the storm. Imagine sucking a little bit of air out of a straw...the liquid will rise slightly.",helene,community_discussion,storm
lo9h42i,t3_1fma10v,t1_lo980u0,hurricane,ShyElf,1726950830,2024-09-21 20:33,3,"That's a real effect, but not most of large storm surges.  For a 920 mb storm, that will be around 3 feet.

The main issue is that the storm surge is nonlocal in both time and space, and in some places has focusing effects.  During the eye, the storm surge will as a general rule be lower than earlier, but only as a general rule.  You're still seeing the effects of wind earlier and elsewhere.  There's also a general rule that it's higher in the onshore sector and in shallower water.",helene,community_discussion,storm
loap3to,t3_1fma10v,t3_1fma10v,hurricane,uSrNm-ALrEAdy-TaKeN,1726967513,2024-09-22 01:11,4,"Storm surge has more to do with the direction the winds are blowing relative to the coast. So typically you’ll see the higher surges around the eyewall and side of the storm where the winds are blowing towards the coast as it makes landfall. 

Winds will calm down but there are still massive waves in the eye because it’s only a few miles to the eyewall where extremely strong winds are kicking up large waves. 

The surge generally wouldn’t recede over the short time while the eyewall is passing over an area since it’s usually only going to last a couple hours before the back side of the eyewall hits.",helene,community_discussion,storm
lo9oymh,t3_1fmd52i,t3_1fmd52i,hurricane,metalCJ,1726953474,2024-09-21 21:17,4,"sorry i meant to send the screenshots

https://preview.redd.it/ce6sv6tab8qd1.jpeg?width=1080&format=pjpg&auto=webp&s=62b6cd5a47d47b97bb65f62b0b6b6a3f9d1e1d48",helene,community_discussion,
lo9p2mv,t3_1fmd52i,t1_lo9oymh,hurricane,metalCJ,1726953514,2024-09-21 21:18,3,https://preview.redd.it/jk1v5u9db8qd1.jpeg?width=1080&format=pjpg&auto=webp&s=7f1ff90f33e9ac82093304b540a448864b9ab554,helene,community_discussion,
lo9p69z,t3_1fmd52i,t1_lo9p2mv,hurricane,metalCJ,1726953550,2024-09-21 21:19,3,https://preview.redd.it/btrt44chb8qd1.jpeg?width=1080&format=pjpg&auto=webp&s=f1c4dbc8a826d00bfc589db8ffe3704c051213e0,helene,community_discussion,
lo9ymfh,t3_1fmd52i,t3_1fmd52i,hurricane,rikerdabest,1726957015,2024-09-21 22:16,2,Don’t forget the one forming to the east of Guam!,helene,community_discussion,
lo9yndm,t3_1fmd52i,t3_1fmd52i,hurricane,rikerdabest,1726957025,2024-09-21 22:17,1,Don’t forget the one forming to the east of Guam!,helene,community_discussion,
lo9z3d5,t3_1fmd52i,t3_1fmd52i,hurricane,rikerdabest,1726957192,2024-09-21 22:19,1,Don’t forget the one forming to the east of Guam!,helene,community_discussion,
lo9z5yy,t3_1fmd52i,t3_1fmd52i,hurricane,rikerdabest,1726957218,2024-09-21 22:20,1,Don’t forget the one forming to the east of Guam!,helene,community_discussion,
loa2d1b,t3_1fmd52i,t1_lo9z5yy,hurricane,metalCJ,1726958420,2024-09-21 22:40,3,Stop you've sent it 4 times,helene,community_discussion,
loa57wj,t3_1fmd52i,t1_loa2d1b,hurricane,Glathull,1726959499,2024-09-21 22:58,8,"Yeah, but don’t forget the one forming to the east of Guam!",helene,community_discussion,
loa8mv1,t3_1fmd52i,t1_loa2d1b,hurricane,rikerdabest,1726960833,2024-09-21 23:20,2,Lol oh dang.,helene,community_discussion,
loabse8,t3_1fmd52i,t1_loa8mv1,hurricane,metalCJ,1726962088,2024-09-21 23:41,1,how?,helene,community_discussion,
loabwvh,t3_1fmd52i,t1_loa57wj,hurricane,metalCJ,1726962137,2024-09-21 23:42,2,also it looks like we could have iona now the central pacific one is 40/60,helene,community_discussion,
loax6j0,t3_1fmd52i,t1_loabse8,hurricane,rikerdabest,1726970919,2024-09-22 02:08,2,"Probably lag on my end. Pressed it, wouldn’t load, pressed it again, wouldn’t load, etc. gave up, only to get a notification that you commented on my reply",helene,community_discussion,
lob6wqo,t3_1fmd52i,t1_loax6j0,hurricane,metalCJ,1726975227,2024-09-22 03:20,1,ohh,helene,community_discussion,
loaz8a4,t3_1fmip3u,t3_1fmip3u,hurricane,AestheticPurrfection,1726971795,2024-09-22 02:23,7,"I'm no meteorologist so take what I say with a grain of salt, but the models have been pretty consistent that some sort of system (whether it be a hurricane or just some tropical low) is heading toward the upper/east gulf later in the week. But nobody knows for sure where it's actually going to go or what type of system it will be since other factors need to pan out first. Just keep an eye out. Nothing to freak out over yet.",helene,community_discussion,hurricane
lob02dl,t3_1fmip3u,t3_1fmip3u,hurricane,Faedaine,1726972161,2024-09-22 02:29,47,"I really wish mods would get rid of posts like this. Just watch the news or follow the weather websites such as NHC for areas you are concerned about. 

Dont rely on amateur weather nerds, look to the professional weather nerds that make good nerd money.",helene,community_discussion,weather
lob31fn,t3_1fmip3u,t3_1fmip3u,hurricane,chorizoburrito33333,1726973464,2024-09-22 02:51,0,Nothing is spinning yet calm down,helene,community_discussion,
lob681j,t3_1fmip3u,t3_1fmip3u,hurricane,Content-Swimmer2325,1726974911,2024-09-22 03:15,4,"There is a high chance that a tropical cyclone forms somewhere in the western Caribbean or southern Gulf of Mexico in the next 7 days. The timeframe for a Florida landfall would be beyond this. This timeframe (7 days out and further) is such that model skill is so low that nobody, absolutely NOBODY, can honestly answer your question. We do not know. Please refrain from asking questions about systems a week out; the answer will ALWAYS be we don't know. Monitor https://www.nhc.noaa.gov/",helene,community_discussion,noaa
lobabr3,t3_1fmip3u,t3_1fmip3u,hurricane,bdc911,1726976858,2024-09-22 03:47,7,50/50.  It either will or it won't.,helene,community_discussion,
locjs7h,t3_1fmip3u,t3_1fmip3u,hurricane,cookigal,1727005440,2024-09-22 11:44,2,Look at the weather sites. Then READ the information they put out.,helene,community_discussion,weather
lobvu9c,t3_1fmnhw6,t3_1fmnhw6,hurricane,cheemsfromspace,1726989554,2024-09-22 07:19,2,Looking at the radar animation she's gradually getting a spin to her too. Next name on the list is Iona,helene,community_discussion,
locz83j,t3_1fmspj6,t3_1fmspj6,hurricane,Nice_Difficulty4321,1727012485,2024-09-22 13:41,2,Weird that this was just uploaded 30 min ago,helene,community_discussion,
lodc7dj,t3_1fmspj6,t3_1fmspj6,hurricane,Abydos_NOLA,1727017130,2024-09-22 14:58,10,Correction: Katrina hit on 8/29/05.  Trust me I was there.,helene,community_discussion,
loddx74,t3_1fmspj6,t1_lodc7dj,hurricane,bake2run8,1727017711,2024-09-22 15:08,5,Yeah that’s a date you don’t forget.,helene,community_discussion,
lodi176,t3_1fmspj6,t1_lodc7dj,hurricane,Creative-Can5491,1727019084,2024-09-22 15:31,2,Me too,helene,community_discussion,
lodv4yf,t3_1fmspj6,t1_lodc7dj,hurricane,kajunkennyg,1727023090,2024-09-22 16:38,5,"Yep,  thankfully this was the first storm I ever evacuated for. Sat in Tyler Texas watching it from family's house.  I'll never forget deciding to go up north to play golf with some friends and heading back down.  I remember the gas gouging on I-59 starting around the alabama/mississippi border.  Luckily I had 10 gas cans full in the back of my truck, but I was stopping every 20 miles approaching the south. Even the high way signs on 59 heading into the i10/i12/i59 split didn't have signs for a lot of it.  I had to hop over to the sunshine bridge and i'll never forget that national guard guy handcuffing me.  I had stopped at family up north and was giving a pallet of stuff for a church. Also a bunch of chainsaws, pole saws etc to help. I was to donate the stuff to a local church, which I did. But they saw the stuff, handcuffed me and waited on the state police to talk to me. They had a checkpoint right there at the sunshine bridge.  They thought I had been looting. But thankfully I had been driving all night and had kept all my gas receipts.  Showed them that and they said I'd be on a watch list, then let me go. Had to come all the way down la1 to get to the bayou.  What is usually a 12 hour drive took me 18.  I didn't have power at my house yet down the bayou but my parents did so I went there.  



Spent weeks helping clean up, etc and then finally went to the first LSU home game after the storm. Monday night football in DEATH VALLEY.  We blew Tennessee off of the field the first half, then in the second half LSU forgot how to football and they came back from like 21-3 to beat us.  It was so hot that day tailgating for that game, I remember after the game just going to my brothers and sleeping.  Fuck the after party.  

Learned my lesson, when IDA kept trending east, Zach on fox8 said traffic was clear on hwy 90 to lafayette, I left at 5 am or so the morning of the storm and never saw a drop of rain from Ida.  Got home the day after the storm even thought apparently the parish was closed lol. Spent 30 days with no power, a little longer without internet/cell phone reception at my house etc. Fuck hanging around, I sold and am not doing that shit anymore.",helene,community_discussion,storm|power
lofx2on,t3_1fmspj6,t1_lodc7dj,hurricane,Potential_Light_1138,1727046233,2024-09-22 23:03,0,i should have renamed to prep before katrina,helene,community_discussion,
lofx5ta,t3_1fmspj6,t1_lofx2on,hurricane,Potential_Light_1138,1727046263,2024-09-22 23:04,0,we don't see many videos before the storm so its kinda cool,helene,community_discussion,storm
log5q3x,t3_1fmspj6,t1_lodc7dj,hurricane,olorinva_adar,1727049351,2024-09-22 23:55,2,"Glad I saw this before commenting the same. Celebrated my 8th birthday on 8/27, birthday party at laser tag got cancelled on the 29th. Watched the tree house my dad built get ripped apart by the wind, saw neighbors cars getting wiped out by larger than life oak trees, hearing my dad on the phone with EMS after he found our neighbor lifeless in his garage next door.  I'll never forget that bitch Katrina",helene,community_discussion,
loe23pg,t3_1fmy42z,t3_1fmy42z,hurricane,dechets-de-mariage,1727025216,2024-09-22 17:13,34,"It’s not even a system yet so no one can answer that. 

Follow Denis Phillips on ABC Tampa for information without hype.",helene,community_discussion,
loe8fxq,t3_1fmy42z,t1_loe23pg,hurricane,crunchyduck147,1727027057,2024-09-22 17:44,4,"Yeah, I assumed it was too far out to get a very confident response. But thanks, I'll look into that.",helene,community_discussion,
loeflhs,t3_1fmy42z,t3_1fmy42z,hurricane,SMIrving,1727029163,2024-09-22 18:19,12,A system in the Gulf is highly likely. Where it forms can't be predicted. All the global  models show the low pressure system near the Yucatan Peninsula on Wednesday the 25th with pressures low enough to get a name. If the system has hurricane level pressures when it clears the Yucatan it will probably track more north toward the central Gulf. If the pressures are higher a track more to the east is suggested. The present GFS run has major hurricane level pressures when it clears the Yucatan. At that point there will be about a day or day and a half to take appropriate action.,helene,community_discussion,hurricane
loeqrlx,t3_1fmy42z,t1_loeflhs,hurricane,crunchyduck147,1727032526,2024-09-22 19:15,3,"Thank you for the effort you put into your response!! I've warned everyone I know because even if it doesn't hit us, we must be prepared.",helene,community_discussion,
loewqjr,t3_1fmy42z,t3_1fmy42z,hurricane,Beyond_yesterday,1727034320,2024-09-22 19:45,6,"Everything I have seen. It could be bad for Pensacola or Panama City. The conditions are all there including a loop eddy of super hot water right under the track.  There is always room for an eastern jog.  We will all know more when it actually forms, lol. I am confident enough to fill to cans of gas today. If I don’t need it I can dump it back into the car.",helene,community_discussion,
lof1vg0,t3_1fmy42z,t1_loe8fxq,hurricane,yallthewrongthings,1727035868,2024-09-22 20:11,15,"You’re not wrong for looking for information about it. It’s just that it’s too early to tell the location and severity. Anyone who tells you “it’s going to be a Category X in Cityville” this far out is full of bologna. 

What we do know is that it’s highly likely to develop into a storm system and enter the Gulf of Mexico and if it does do that, it will make landfall somewhere- maybe gently, possibly not. It’s important for anyone in the south/southeast to be prepared during storm season.",helene,community_discussion,storm|category
lof2185,t3_1fmy42z,t3_1fmy42z,hurricane,Frankies131,1727035916,2024-09-22 20:11,1,"I keep hearing that where it forms is gonna affect its track, yet all the models seem to have it pinpointed on a panhandle strike. 

Is there any chance this thing forms in a way that would shift the track into Louisiana? 🤔",helene,community_discussion,
lof59ey,t3_1fmy42z,t1_loewqjr,hurricane,annaamontanaa,1727036907,2024-09-22 20:28,0,Awesome! I live near Pensacola! /s,helene,community_discussion,
lof9mwc,t3_1fmy42z,t3_1fmy42z,hurricane,Successful-Tough-464,1727038276,2024-09-22 20:51,20,"Start you prep plan today, know where to go, don't let the gas tank get low, know where your important things are.  If I lived on the gulf coast, I'd be freezing water bottles (dual purpose and very handy if power goes out), and making sure I had enough food for people and pets.  Also people never seem to mention laundry.",helene,community_discussion,power
lofvxfs,t3_1fmy42z,t1_loewqjr,hurricane,Apprehensive-Stage68,1727045827,2024-09-22 22:57,3,this is what i’m scared of :/ we’re from PC and the ptsd from michael is making it unbearable to not know what will happen as of now. the updates are so hard to wait out,helene,community_discussion,
lofwr83,t3_1fmy42z,t1_lofvxfs,hurricane,Beyond_yesterday,1727046120,2024-09-22 23:02,1,Good news is some show Tampa. And some show weaker. And really good news is that they all show movement north into land very fast. That is important. The quicker it is over the less damage. There’s plenty to hope for. Just be prepared get food water battery packs for phones etc. you got this.,helene,community_discussion,
log4cic,t3_1fmy42z,t3_1fmy42z,hurricane,International-Can622,1727048832,2024-09-22 23:47,3,Radar on the Windy app shows it going straight to Tallahassee FL. How can they know that with it being this early?,helene,community_discussion,
log62cx,t3_1fmy42z,t1_lofwr83,hurricane,Apprehensive-Stage68,1727049479,2024-09-22 23:57,1,"yeah, definitely about to start getting as prepared as possible for any scenario. the anxiety just sucks 😕 hopefully it won’t be so awful. if you are anywhere near, please stay safe too 🩶",helene,community_discussion,
loe7izd,t3_1fmy63k,t3_1fmy63k,hurricane,Minimum-Meaning1134,1727026804,2024-09-22 17:40,3,Extra what? We don’t understand what you’re asking,helene,community_discussion,
loe97vo,t3_1fmy63k,t3_1fmy63k,hurricane,BajaDivider,1727027282,2024-09-22 17:48,7,I would like to know why the ECMWF model seems much more dependable than the GFS model? Maybe this question will serve as an adequate millennial translation to op's question,helene,community_discussion,
loece5g,t3_1fmy63k,t1_loe97vo,hurricane,Lookitsasquirrel,1727028201,2024-09-22 18:03,7,This hurricane season I’ve noticed the GFS has been more dependable. The ECMWF has been changing its model to mirror the GFS.,helene,community_discussion,hurricane
loee4dr,t3_1fmy63k,t1_loe7izd,hurricane,Nice_Difficulty4321,1727028718,2024-09-22 18:11,4,Just extra. Meaning it's always exhibits a more severe situation than the rest.,helene,community_discussion,
loeexht,t3_1fmy63k,t1_loe97vo,hurricane,Unfnole23,1727028964,2024-09-22 18:16,8,I'd say its the opposite with the Euro model playing catchup,helene,community_discussion,
loefjzo,t3_1fmy63k,t1_loee4dr,hurricane,YUME_Emuy21,1727029151,2024-09-22 18:19,3,"Idk *why* it's like that, but it's not a bad idea to have a model that just consistently over rates the severity. It's always possible for the storm to be worse than it seemingly should be, so having a model that shows a clear ""worst case"" is helpful in my opinion.",helene,community_discussion,storm
loeiqwt,t3_1fmy63k,t3_1fmy63k,hurricane,jiminak,1727030113,2024-09-22 18:35,8,"The various models use different data types and at different “resolutions” and with different computational power. 

What is “resolution”? If you can imagine a 3D space with “points” every X distance on the x axis, y axis, and z axis, this is the resolution. The closer these data points, the “higher” the resolution.  

Then there is “temporal resolution” - how often the change at each of these data points is measured and the whole model recalculated. 

There is data available (temperature, pressure, water vapor, etc) at each of those points. These things all interact with each other in mostly-predictable mathematical ways, and a super computer can do the computations to figure out these interactions. 

But the further apart those data points are, and the further apart in time that the calculations are trying to predict, the more prone to error things get. The butterfly effect is very real here. One little teeny eensie weensie “error” at one data point has ripple effects that impact the calculations at the other data points. And imagine if there are billions of these data points each being impacted by what happens at the other datapoint.

Now, what about that computational power? If the resolution is 1 mile and the temporal resolution is 1 minute, that’s billions of data points in that 3D space. Imagine how many super computers it would take to figure out what the changes would be at each of these points from one minute to the next minute. Or even just one hour to the next hour.   An entire building full of the world’s strongest super computers could probably not perform these calculations at this high of a resolution. 

Sorta kinda back to your question: The GFS computer model uses a resolution of about 20km and spans the entire globe, with a temporal resolution of 6 hours.  Compare that to the Euro1K, which has a resolution of 1km and 20 minutes… BUT which is narrowly focused on small geographical regions. The Euro1K is going to be much more accurate at local weather predictions than global weather models will be. 

But to compare GFS with another global model, the ECMWF has a resolution of about 10km and is 6 hours. So the European model is much higher than the GFS, and is generally considered the better global model. But this also affects computational power (and thus electrical power) and so the financial cost to run the ECMWF is vastly higher than the GFS.  Which is why the European data is not provided for free while the GFS data is. 

Sorta kinda back to your question, again, albeit more directly: The results of a GFS run as viewed 6 hours from now, 12 hours from now, etc out to 7 days from now, 10 days from now will start to get more and more separated from what will REALLY happen due to millions and millions of those butterfly effects. (I assume this is what you mean by “extra” as interpreted by my 55yo brain). 

But resolution and computational power is only a small part the equation. If that’s all there was to it, we’d all just use the “best most powerful model”. The reality is more complex because different models excel in different situations, and relying solely on one “best” model can be unreliable, so meteorologists will analyze multiple models to create a comprehensive forecast.",helene,community_discussion,power|weather
loeiw6g,t3_1fmy63k,t1_loe97vo,hurricane,jiminak,1727030160,2024-09-22 18:36,2,"I think I answered this question in my very lengthy reply to OP. 

(Yes, even my wife says I talk too much!) 🤣",helene,community_discussion,
loeqx2o,t3_1fmy63k,t3_1fmy63k,hurricane,Unfnole23,1727032571,2024-09-22 19:16,1,Could just be an outlier. 18z run will be interesting,helene,community_discussion,
loew5ri,t3_1fmy63k,t1_loeiqwt,hurricane,BajaDivider,1727034147,2024-09-22 19:42,5,"Best explanation of where the conclusions for any model come from. Leads me to think as these hurricane events increase ai will be leveraged more, for better predictions. Considering ai just discovered the first new antibiotic in 60 years I suppose this is a silver lining to that technology, but as you point out, the electrical costs are commensurate. Like air conditioning and warming. Humanity is a snake chasing its tail.",helene,community_discussion,hurricane
loelhz5,t3_1fn0g8y,t3_1fn0g8y,hurricane,weathercharts,1727030949,2024-09-22 18:49,12,"NOAA currently has this has 80% chance of formation within 7 days [here](https://www.nhc.noaa.gov/gtwo.php?basin=atlc&fdays=7)

40% chance within 48 hours [here](https://www.nhc.noaa.gov/gtwo.php?basin=atlc&fdays=2).",helene,community_discussion,noaa
loerayq,t3_1fn0g8y,t3_1fn0g8y,hurricane,BeerandGuns,1727032687,2024-09-22 19:18,16,The models on this thing have daily been swinging between New Orleans and the Florida peninsula.,helene,community_discussion,
loexxa6,t3_1fn0g8y,t3_1fn0g8y,hurricane,therealslimcampbell,1727034671,2024-09-22 19:51,3,Would love to see the early Ian predictions vs these ones,helene,community_discussion,
lof0i2b,t3_1fn0g8y,t3_1fn0g8y,hurricane,jtekms,1727035451,2024-09-22 20:04,1,Shift to the East,helene,community_discussion,
lofmb11,t3_1fn0g8y,t1_loexxa6,hurricane,officious_meddling,1727042438,2024-09-22 22:00,7,I hope we don’t get another Ian. Barely recovered 2 years later.,helene,community_discussion,
