id,subreddit,author,created_utc,created_date,num_comments,score,title,selftext,hurricane,source_type,keyword_hit
1flqj9u,asheville,asuirish,1726877714,2024-09-21 00:15,0,8,Avoid Haywood and State. Quite the accident.,I don't have any info other than that. Heard it happen and walked up to see traffic backing up and a couple of cars involved. ,helene,community_discussion,
1flqpnu,asheville,Ok_Leg_6507,1726878253,2024-09-21 00:24,37,359,Saw this today on Instagram. Had to share. 🤣,Check out this artist on IG. ,helene,community_discussion,
1flr67r,asheville,Uniqornicopia,1726879719,2024-09-21 00:48,6,14,Anyone else see the meteor this evening?,"About 7:58 tonight. West-ish from Asheville. Bright white, breaking up in the sky. ",helene,community_discussion,
1flrcd2,asheville,Left_Percentage_527,1726880279,2024-09-21 00:57,8,4,Novavax availability. Has anyone gotten the new formula?,I am wondering if anyone knows anywhere in Asheville where i can get the new ‘24-‘25 formulation of the novavax vaccine.  So far i have not been able to find it,helene,community_discussion,
1flrew9,asheville,asilver1982,1726880508,2024-09-21 01:01,5,1,Independent Senior Living to Assisted,My parents are looking to move  be up here to be closer to their grandkids. They are mid 70s and able to care for themselves for now. They are looking for an Independent Living to Assisted living location. Any suggestions around town that offer something like this? Any personal suggestion or experience to share? ,helene,community_discussion,
1flsnqd,asheville,Dry_Catch7310,1726884691,2024-09-21 02:11,7,0,Asheville ladies gluten free wars ,"Obviously parody, or is it?!?! 

Did you know that only 1% of the American population has celiacs disease? That's insanely low. And the population of gluten intolerant is maybe as high as 7% according to some studies. 

Do so gluten free people happen to be white women between the ages of 18-60? Like, we get equal amounts of men who eat at our restaurant, how are all of you white ladies magically in this category?  

If you're going to go with fad diets or trendy things that's fine, but y'all are liars.  Like flat out ignorant liars.  The people who make your food aren't stupid, and it's getting really annoying to pander to your dietary obsessions while your choices don't make a whole like of sense from a dietary perspective. 

You think the bread is helping you, but the half pound cheeseburger and sides that you got to go along with that aren't doing anything to you is it sweetie? 

It ain't the gluten girl.",helene,community_discussion,category
1flupop,asheville,Gabelschwanzteufel,1726891883,2024-09-21 04:11,4,1,Why does my landlord have a panic attack if I leave an outside light for more than 10 minutes at night. ,,helene,community_discussion,
1flwmys,asheville,AshvilleNoob,1726899538,2024-09-21 06:18,0,1,Please do not dump your dog………,[removed],helene,community_discussion,
1fm2q2w,asheville,Yerbabae,1726924401,2024-09-21 13:13,9,6,Chimney sweep for reasonable price ,Need to get my the chimney flume to my wood burning stove ready for the season. Anyone suggest someone that reputable for a fairly decent price? ,helene,community_discussion,
1fm2t5o,asheville,tylercookbooks,1726924659,2024-09-21 13:17,46,90,Who is at Asheville Pride today?,I look for any reason to wear my pride romper 😜 www.tylermcook.com,helene,community_discussion,
1fm2tr3,asheville,Evening-Dramatic,1726924709,2024-09-21 13:18,13,2,Local apples in Asheville without driving far,Are there any quick places to find fresh local apples for sale besides driving down to apple orchards? Like a stand maybe,helene,community_discussion,
1fm2vlv,asheville,itsoktobequiet,1726924863,2024-09-21 13:21,74,159,Ffs. This is fooking exhausting ,PLEASE go to the polls! Vote early. This mf wants nothing good for NC,helene,community_discussion,
1fm3kkw,asheville,CamelotKittenRanch,1726926894,2024-09-21 13:54,8,33,Asheville Horror Fans! Come meet Author/Artist BROM at the Asheville Barnes & Noble Today at 2!,,helene,community_discussion,
1fm409c,asheville,WestAshevillain,1726928120,2024-09-21 14:15,2,0,20 pound Bagged Ice in Asheville?,"Any idea who sells big bags of ice? 
Do they come any bigger??",helene,community_discussion,
1fm4i10,asheville,GovernmentChance4182,1726929526,2024-09-21 14:38,0,1,"Saw a dog loose on flatbed truck on I-26, screw this guy",This is a public shaming post for this horrible man who has his dog loose on his flatbed truck barreling down the highway. Wanted to report him but of course his license plate is blocked by the trailer. I was so stressed driving behind him because the trailer was bouncing like crazy and the dog isn’t tied to anything. I’m sure his defense is “we do this all the time” but fuck this guy. ,helene,community_discussion,
1fm4i7p,asheville,GovernmentChance4182,1726929542,2024-09-21 14:39,143,206,"Saw a dog loose on flatbed truck on I-26, screw this guy",This is a public shaming post for this horrible man who has his dog loose on his flatbed truck barreling down the highway. Wanted to report him but of course his license plate is blocked by the trailer. I was so stressed driving behind him because the trailer was bouncing like crazy and the dog isn’t tied to anything. I’m sure his defense is “we do this all the time” but fuck this guy. ,helene,community_discussion,
1fm4p9t,asheville,Ok_Society8498,1726930102,2024-09-21 14:48,9,4,Rent a garden spot?? Would you do it?,[removed],helene,community_discussion,
1fm4r20,asheville,Fun_Explanation_3417,1726930243,2024-09-21 14:50,11,0,At least we don’t live in Salem! ,Someone just posted this guide to Salem MA and it sounds bonkers. I didn’t realize they don’t even staff up their restaurants until October. I can’t imagine 4k parking spots for 60k tourists! ,helene,community_discussion,
1fm6yn4,asheville,According_Education5,1726936346,2024-09-21 16:32,0,1,Looking for flat trailer parking not a storage unit place.,"Hey y'all. Looking for a space to rent for my 28'x7' trailer. Currently building a tiny home on it. I just need somewhere to park it where I can work on it, preferably a piece of unused land on someones property where I can pay to park monthly.  Please no suggestions for storage unit places. ",helene,community_discussion,
1fm7fds,asheville,gabriel1313,1726937609,2024-09-21 16:53,3,2,Anybody been to Frankie B’s First Fret Guitar Shoppe? ,Saw this comment from the owner on Facebook. I don’t think making jokes about owning people’s in the best taste. (check the second slide) ,helene,community_discussion,
1fm7t9p,asheville,KirklandBrandScrotum,1726938631,2024-09-21 17:10,25,14,AITA for making yet another post about tipping + PSA,"There is a mid brewery in Swannanoa that shares a space with a fantastic burger joint. They are separate businesses. Your food **and** drink order is entered at once at the bar and when the bartender swings the POS around to you it asks you to tip on the entire total, with the preset options starting at 15% (which I feel is pretty typical for restaurant/takeout fare). I have always been happy to tip here because I assumed that the tip money from food sales would go to the restaurant side of the business too, **but at this joint your entire tip goes JUST to the brewery staff.** They also have a cash jar out and all of that goes to just the bartenders too.



Now, IDK about you but typically I tip $1 per drink when at a brewery. The way this place is set up, I have essentially been ""tipping"" the bartenders here about $5 / drink unknowingly. I feel like people should know about this because the bartenders I'm sure work hard but they are not out here waiting tables or running food they literally take your order and pour your beer?? 



Anyway from now on I'm definitely asking where my tip money goes. Asheville has so many brewery/kitchen partnerships I wouldn't be surprised if this happens elsewhere too. ",helene,community_discussion,
1fm800m,asheville,dizzydance,1726939144,2024-09-21 17:19,4,2,Strawberry Shortcake recommendations? 🍓🍰,"Is there anywhere around Asheville I can find a really delicious slice of strawberry shortcake? 

I always considered it a mediocre dessert (my favorite dessert being my mom's homemade carrotcake) until I had a slice of strawberry shortcake at Nantucket Grill (in Durham, NC). 

IYKYK - it's positively _sinful_.  

Thanks!",helene,community_discussion,
1fm830h,asheville,Ruwen368,1726939380,2024-09-21 17:23,14,2,Anyone know where Korean Corn Dogs live around here?,Housemate has been raving about Korean Corn Dogs they had on a trip and I wonder if there's any options for that around avl?,helene,community_discussion,
1fm8jop,asheville,lightning_whirler,1726940629,2024-09-21 17:43,63,69,GOP senator calls on embattled North Carolina gubernatorial candidate Mark Robinson to sue CNN or drop out ,[https://nypost.com/2024/09/21/us-news/north-carolina-sen-thom-tillis-calls-on-gubernatorial-candidate-mark-robinson-to-sue-cnn-or-drop-out-after-porn-site-posts-surface/](https://nypost.com/2024/09/21/us-news/north-carolina-sen-thom-tillis-calls-on-gubernatorial-candidate-mark-robinson-to-sue-cnn-or-drop-out-after-porn-site-posts-surface/),helene,community_discussion,
1fm8jq2,asheville,cutearson,1726940633,2024-09-21 17:43,9,157,To the guy driving past White Lab ,"I was behind you. You left your pizza on the roof of your car and it fell off. Absolutely went everywhere. Just wanted to say sorry, man.  That sucks :(  but i hope your day gets better!",helene,community_discussion,
1fm8kbd,asheville,Awkward-Afternoon-22,1726940675,2024-09-21 17:44,10,3,Quick / Casual service restaurants?,"Looking for other options that are the “quick/casual” style like Haywood Common, White Duck (been to both of those many times) and Botiwalla(just went here like a month ago). I was wondering if more were around Asheville/North Asheville. I feel like that might be easier for my birthday next week instead of trying to make a reservation somewhere for like 8 people and 3 Toddlers 🫥",helene,community_discussion,
1fm8u06,asheville,Thehairwitchavl,1726941405,2024-09-21 17:56,2,0,Looking for rental avl  with vaya health voucher 1800,"
Hi everyone, 

I’m reaching out to help a close friend and valued client who is looking for a rental in or around Asheville. She has a budget of $1,800 per month and comes with a **Vaya Health voucher**, which ensures that 75% of the rent will be guaranteed throughout the lease period. This makes her an excellent and reliable tenant.

Additionally, there is a **$4,000 incentive** available to landlords upon signing the lease with her. If anyone knows of a property that fits her budget or is available for rent, please let me know!

Thank you so much for your help!

Please text or call Sy moon her number is 6787487266",helene,community_discussion,
1fm8u1y,asheville,peace_point,1726941409,2024-09-21 17:56,1,1,Asheville - new rules (I’ll start) ,"1. If you throw a bag of fast food out your car window on the blue ridge parkway, you should be shot ",helene,community_discussion,
1fm8yj0,asheville,peace_point,1726941740,2024-09-21 18:02,112,298,Asheville - new rules (I’ll start) ,"
1. If you throw a bag of fast food out your car window on the blue ridge parkway, you should be spanked publicly on the site of the old Vance memorial ",helene,community_discussion,
1fm9kxr,asheville,billbobham,1726943437,2024-09-21 18:30,1,9,Found dog - Malvern Hills Park,"Found on our patio. Super sweet girl. Tan collar with no tags. Right next to Malvern hills park (Rumbough). 

We’re going to put her in our yard. She’s ok to hang here for a bit, but let’s get her home :) ",helene,community_discussion,
1fm9l0l,asheville,billbobham,1726943442,2024-09-21 18:30,7,41,Found dog - Malvern Hills Park,"Found on our patio. Super sweet girl. Tan collar with no tags. Right next to Malvern hills park (Rumbough). 

We’re going to put her in our yard. She’s ok to hang here for a bit, but let’s get her home :) ",helene,community_discussion,
1fm9slg,asheville,CSA1862,1726944032,2024-09-21 18:40,1,1,Womp womp 😂😂😂🫵😂🫵🫵🫵🫵😂😂😂😂😂😂😂😂😂😂😂😂😂😂,,helene,community_discussion,
1fm9x3o,asheville,Busy-Inspection1533,1726944365,2024-09-21 18:46,0,1,President Trump speaks live in North carolina,,helene,community_discussion,
1fm9zdg,asheville,Aromatic-Rough3963,1726944544,2024-09-21 18:49,8,21,What happened to the pedestrian hit on the corner of Chestnut in Merrimon,I can't find it in the news… What happened to the pedestrian who is crossing by Trader Joe's? And what kind of truck hit her? I keep thinking about how awful that was and how it's right down the street from a blind crossing near claxton elementary school.,helene,community_discussion,
1fm9zse,asheville,Extraterrestial_Ship,1726944578,2024-09-21 18:49,10,0,Is it just me or has September been cooler than it normally is for past few years?,"This September and the 22-23 septs have been cooler than the all others, I remember it being in the 80's and even hitting 90 throughout this month, but it's been mainly in the 70's, what happened to make it cooler? Not only but alot of trees are changing and dropping their leaves and we ain't even in October yet, wtf is going on with the climate?",helene,community_discussion,
1fma2ya,asheville,shadowmodel,1726944832,2024-09-21 18:53,2,0,Dating in Asheville: what happened to us?,"Being fairly new to online dating, I (M32) mostly swipe left on profiles. The ones I do swipe right on, it’s mostly because of something they wrote on their profiles that showed effort, intention, and intelligence.

I was chatting with a match this week, and I moved fairly quickly to giving her my number, saying I preferred to speak outside the app. After a few days of no response from her, I realized maybe it was an awkward place to put her in if she wasn’t comfortable with a stranger having her number by reaching out, so I followed up.

She ended up asking me out for drinks, and gave me her snap @

I don’t use the Snapchat app, so I’ve always been suspicious of girls sending me their snap links. It comes off like sending someone your onlyfans link, and every time I receive this, I usually promptly unmatch and block.

But I felt we’ve had enough understanding in our exchanges that I go to download it and give it a try. Turns out, it is just a mechanism to carry the conversation outside the dating app without sharing numbers.

This is my first time using Snapchat. In one of the girl’s stories, there’s 2 images of a shirt that I thought I recognized. So I screenshot the images and go to search for the shirt to see if it was the one I recalled. Purely thinking if it was the Comme des Garcon shirt I saw at Dover Street Market, I could bring it up as a talking point of shared interests in fashion. Turns out it wasn’t. So I left it. She gets a notification that I screenshotted her stories the next morning, sends a message declining to meet up, and blocks me after she sees I’ve read her remark.

At first, I wanted to write back explaining how it was a misunderstanding, but realized too many words sounds like an excuse. So after she blocked me, I made a new snap account, sent her a screen recording of me deleting those images from both my photos and recently deleted, and just simply acknowledged that what I did made her feel uncomfortable, and sincerely apologized for doing it.

I’ve learned so much from this:

1) sometimes, a girl sending you her snap is just a safe way to filter conversations without sharing phone numbers. I’m sorry to all the girls out there I’ve unmatched not knowing this.

2) don’t screenshot people’s Snapchat stories

3) follow ups after no response CAN lead to a date (didn’t pan out in my case)

I don’t blame the girl. I’m sure there probably was an instance in the past that really hurt her that my thoughtless screenshots triggered. 

I hope this story helps someone out there better navigate the minefield of online dating. It sucks how much is left to assumption with these apps, and how hard it is to assume the best of people when past experiences too easily steer one to assume the worst of others.

However hard it is to navigate these assumptions, guys and girls, please give each other a chance!

I like to think in most cases, if we assumed the best of the other, we can often help each other become our best selves. And in this atomized digital society we find ourselves in, I hope it helps us all to heal. ",helene,community_discussion,
1fmbsev,asheville,pnw_pickin,1726949589,2024-09-21 20:13,1,1,Asheville music scene recommendations ,Hi all! I’m originally from North Carolina but haven’t explored Asheville much at all. I’m a musician and LOVE bluegrass/Americana/folk/acoustic/country and want to plan a trip to Asheville sometime and explore the live music scene. Where would y’all recommend I go and any other tips? Thanks in advance! :),helene,community_discussion,
1fmdffn,asheville,edgarallanposer_,1726954186,2024-09-21 21:29,2,3,Did anyone go to Shrektoberfest??,,helene,community_discussion,
1fmdgfk,asheville,goblinGrog1,1726954263,2024-09-21 21:31,38,79,"Ingles is worse than CVS for their long, wasteful receipts",,helene,community_discussion,
1fmea1w,asheville,Anoceto,1726956655,2024-09-21 22:10,24,1,Why is it cheaper here to rent than buy? ,"We are ready to buy a home, but it’s so hard to justify. We would need to put $100k+ down in order for the mortgage to be the same as our rental, for a similar home. Does this indicate the home market will come down, or that rentals are inevitably going to go into even more insane prices? (Not looking to be directly in Asheville, looking everywhere within a 45 min radius) ",helene,community_discussion,
1fmeo1t,asheville,Briarmoonprintshop,1726957818,2024-09-21 22:30,5,4,Hey there!! ✌️Could someone recommend optimal locations for establishing a pop-up shop or yard sale in the Asheville downtown area or other popular sites around town where individuals typically set up their sale tables? Thanks in advance!,,helene,community_discussion,
1fmgf85,asheville,LifeOdd5781,1726963162,2024-09-21 23:59,1,1,Gonna visit Asheville - im bad on no shoulder mountain roads - should i uber and not drive? ,[removed],helene,community_discussion,
1fmhcea,asheville,Burrito_Goddess,1726966142,2024-09-22 00:49,36,99,Asheville Pizza Co has reasonably priced babies?,What exactly is this sign saying? I feel there is a comma missed…,helene,community_discussion,
1fmjyc9,asheville,Unhappy-Pollution-13,1726975136,2024-09-22 03:18,1,1,"Honeymoon in Nov, need recommendations!","Me and my fiance just officially locked in Asheville for our honeymoon! He lived here for 8-9ish years during and after college, but moved to where I’m from (Richmond) about 3-4 years ago. I pushed to want to go to Asheville because I could see a place that he has so many good memories in that helped him be the guy I love so much. We both also know lots about Asheville too and there will be new experiences for us both, and that’s where I was asking for some things that maybe would be cool new experiences OR things that have been around for a while that he could use a reminder about 

We are bringing our pup with us, he’s a tripod pitty who is a little scared of other dogs but if you guys know some activities he could experience too we would love to add those to our list! ",helene,community_discussion,
1fmkids,asheville,Pitiful_Interview_82,1726977178,2024-09-22 03:52,1,1,What is actually great eats/vibes in Asheville? ,[removed],helene,community_discussion,
1fmsgp8,asheville,loganizzi,1727009223,2024-09-22 12:47,85,17,Any good takeout Chinese restaurants?,"

Just moved to the area. 


Bonus points for near North area.  

",helene,community_discussion,
1fmsx7j,asheville,Difficult-Maybe-3272,1727010647,2024-09-22 13:10,1,1,The Lord of the Rings as a Prophetic Reflection on Modern Society,[removed],helene,community_discussion,
1fmtdcu,asheville,tnydnceronthehighway,1727011984,2024-09-22 13:33,168,340,Sad but true. I guess on the plus side it makes it easier to vote for the normiedem. ,It is just so embarrassing that the rest of the country can add Mark Robinson to the  list of things they think of when NC is brought up in conversation. ,helene,community_discussion,
1fmu5wf,asheville,[deleted],1727014213,2024-09-22 14:10,1,1,[image processing failed],[removed],helene,community_discussion,
1fmua6b,asheville,[deleted],1727014535,2024-09-22 14:15,0,1,[image processing failed],[removed],helene,community_discussion,
1fmud3r,asheville,FlyingBuilder,1727014762,2024-09-22 14:19,38,698,My oil painting of a river bend just south of Asheville ,A huge 36x48” painting of a little river bank just south of Asheville in Candler. ,helene,community_discussion,
1fmuudp,asheville,PratherForNC,1727016070,2024-09-22 14:41,3,8,"Bluegrass, Hip Hop, and Democracy: Concert to Break the Republican Supermajority","Come listen to innovative, energetic music and help break the Republican supermajority in the NC House! Bluegrass/Hip Hop group Gangstagrass is performing at The Orange Peel on Monday 9/30 with proceeds going to the Prather For NC House reelection campaign. This Buncombe district is \*the most competitive\* of any incumbent in the NC House and is a \*\*must hold seat\*\* if we have any hope of breaking the Republican supermajority and restoring some semblance of balance to the state legislature. Discounted tickets for students, folks under 36, and teachers. Join us!!

[https://theorangepeel.net/event/gangstagrass-bluegrass-hip-hop-and-democracy/the-orange-peel/asheville-north-carolina/](https://theorangepeel.net/event/gangstagrass-bluegrass-hip-hop-and-democracy/the-orange-peel/asheville-north-carolina/)",helene,community_discussion,
1fmuztr,asheville,Hazey_Dreams4658,1727016469,2024-09-22 14:47,65,13,Antisemitic graffiti here in asheville,"Graffiti on some of Rudow’s congressional race posters. Utterly appalling, especially considering shear amount of increasing anti-semitism recently. ",helene,community_discussion,
1fmvlc8,asheville,BRMarksmanship,1727018052,2024-09-22 15:14,59,67,"New to firing a handgun or feeling a little rusty? Our ""Beginner Pistol"" course is perfect for you!","

We’ve seen numerous posts and comments regarding gun ownership, and we want to continue offering some of our more relevant courses to the fine folks in this sub. We’re very thankful for the quality discussion here and have enjoyed getting to meet several of you over the last year or so. We’re excited to announce our next Beginner Pistol Course, taking place on October 20th! This one-day course is designed specifically for beginners and those looking to refine their handgun skills. Whether you’re new to firearms or seeking to improve your abilities, this course will meet your needs. Through a combination of classroom instruction and practical range exercises, you’ll gain essential shooting fundamentals, manipulation skills, and storage considerations. Even experienced shooters looking to sharpen their skills will benefit from this course and stay up-to-date with the latest firearms techniques. If you haven’t purchased a firearm yet, don’t worry – the course provides valuable knowledge to help you make an informed decision. Rentals and ammunition are available, so you can gain hands-on experience with various firearms.

Additionally, on October 19th, we are offering the North Carolina concealed carry course. Secure your spot for both courses via the links below and continue your firearms education with us!

NC Concealed Carry Course - October 19:

https://brm.checkfront.com/reserve/?item_id=2&start_date=20241001

Beginner Pistol - October 20:
https://brm.checkfront.com/reserve/?item_id=3

**FAQ:**  
*Kevin, I don’t own a firearm or the proper gear to train. What should I do?*

No worries! We’ve got you covered. We offer firearm rentals, ammunition for purchase, and provide complimentary holsters, ear protection, eye protection, and more. Just let us know in advance, and we’ll have everything ready for you when you arrive.

",helene,community_discussion,
1fmvnsk,asheville,Fightrt1,1727018226,2024-09-22 15:17,56,9,Looking for any good jobs in the area,"Hey y'all!

I'm pretty new to the area, moved to Candler in June of this year. I've been trying my hardest to find a decent job, been looking on usajobs, Buncombe county's page, the city's page and ncjobs and it seems that no matter what I apply for, I seem to get rejected for even the most basic of things. I did my share of food service (not hating on it, in fact mad respect for anyone who does it) and factory is... something I would maybe consider, possibly, but I've defintely been searching for something I could apply my degree to (BA in history).

If anyone has any leads or anything like that, I would greatly appreciate it because I'm so tired of pulling my hair out at applying for gov jobs and being told I don't qualify because I don't have a prerequisite experience of 10+ years of professionally sitting in a chair or standing up.

Thanks!",helene,community_discussion,
1fmwqmz,asheville,4Nails,1727021074,2024-09-22 16:04,3,6,Does the transfer station take glass?,,helene,community_discussion,
1fmwrnw,asheville,BennyFane,1727021152,2024-09-22 16:05,9,5,Who’s watching the Saints game? Where?,Any Who Dats in Asheville? Where’s the best place to see the game?,helene,community_discussion,
1fmxxs6,asheville,starchildx,1727024260,2024-09-22 16:57,4,2,Is the landing depot discount market worth going to?,"Do people regularly find good items at good prices there? 

I went when they first opened and wasn’t too impressed. Wondering if it’s worth another try as I love the thrift stores of groceries.",helene,community_discussion,
1fmy27f,asheville,Correct-College-1618,1727024575,2024-09-22 17:02,1,1,"Welder... Custom handrails, grab rail, gates ...",[removed],helene,community_discussion,
1fmy989,asheville,AdventurousBag6509,1727025094,2024-09-22 17:11,57,52,"I got this at ingles and I was surprised to see ""vegetarian fed""??! Are they feeding cows meat now?",,helene,community_discussion,
1fmyqsb,asheville,SweetOsmanthus,1727026410,2024-09-22 17:33,3,30,Happy autumnal equinox Asheville! Have some poetry,"I'm celebrating the equinox today and thought I'd share a poem that reminded me of the harvest-blood-supermoon we had this past Tuesday.  

Autumn by T. E. Hulme  

A touch of cold in the Autumn night—  
I walked abroad,  
And saw the ruddy moon lean over a hedge  
Like a red-faced farmer.  
I did not stop to speak, but nodded,  
And round about were the wistful stars  
With white faces like town children.  

And if you'd prefer a WNC local to an old English imagist here's [Three Pieces on the Smoke of Autumn by Carl Sandburg](https://www.pulitzer.org/article/poetry-spotlight-three-pieces-smoke-autumn-carl-sandburg).",helene,community_discussion,
1fmz6oy,asheville,ilikepeople1990,1727027600,2024-09-22 17:53,50,148,"Warren Wilson College reduces annual tuition to $25,000 in bid to attract more students",,helene,community_discussion,
1fmz8l8,asheville,cashvaporizer,1727027743,2024-09-22 17:55,20,72,Good people of Henderson County: protect yourself from ze brain rot. It is highly contagious!,Nobody is seriously trying to ban beef. Suggestions that you might eat one less cheeseburger per month are not “communism” or “authoritarianism” or “the globalist new world order”. It’s not worth sacrificing the actual liberty of yourself and your neighbors for this nonsense. Please don’t vote Republican.,helene,community_discussion,
1fmzayz,asheville,Strawberry_Poptart,1727027917,2024-09-22 17:58,6,3,Looking for wedding vendor recommendations,"My partner and I are getting married in Asheville at the end of May.
We are looking for recommendations for:

DJ
Photographer 
Fire performer 
Food vendors for two separate events 
String quartet
Hair and makeup
Wedding cake designer/baker

Our vibe is non-traditional, semi-formal, but also a little punk rock, drag fabulous.
(We have a very diverse group of friends and family.)

We are open to suggestions for other kinds of fun vendors for our reception, if anyone has recommendations. 

Thanks!",helene,community_discussion,
1fmzi9g,asheville,KaliberGareth,1727028426,2024-09-22 18:07,12,1,Need Help! Nice places near Avl Mall,"Hi and Happy Sunday everyone! Was hoping to get some quick tips, where is a nice place to just walk and chill out near the Asheville mall, maybe with a good bit of a natural setting? I've heard questionable things with the park near Wal-Mart, but it's my only lead so far. Ty for any and all suggestions!",helene,community_discussion,
1fn0565,asheville,stock_sloth,1727030085,2024-09-22 18:34,142,169,Asheville’s new 600k toilet isn’t much ,"
The new downtown toilet doesn’t look like much for the money ",helene,community_discussion,
1fn0yy4,asheville,throwaway976019,1727032195,2024-09-22 19:09,3,1,Adderall Xrs in pharmacies near Asheville?,Has anyone been able to find where to get their adderall xrs filled? They have been on back order for weeks now ,helene,community_discussion,
1fn1o97,asheville,brooke_heaton,1727034023,2024-09-22 19:40,67,65,Biking Asheville—How Bad is a City With a 9/100 Bike Score?,,helene,community_discussion,
1fn36vw,asheville,Hortini248,1727037914,2024-09-22 20:45,12,0,Using dogs as a complaint agains our newborn. ,"My complex sent me a notice of my first noise violation about my dogs. I have had the dogs for 9+ years, zero issues renting all of those years. Yes, my dogs bark. They bark as people come and go when my loud ass neighbor slams the door. They will bark a few minutes when we leave the house and calm down after that.

Recently had a new born that’s 2 months old. My wife is on parental leave. One of us is with the dogs 23+ hours out of the day. Apartment complex is saying “received complaints regarding your dogs barking for long durations during the day when left home alone, often lasting for several hours at a time.”

They are now refusing to return my call to discuss the basis of the claim. Sounds like BS to me…. 🤷🏻‍♂️ ",helene,community_discussion,
1fn3gzo,asheville,CrackerJackKittyCat,1727038665,2024-09-22 20:57,12,194,View from top of Looking Glass,,helene,community_discussion,
1fn52ni,asheville,MeanYesterday7012,1727042951,2024-09-22 22:09,0,0,Infused camping yoga comedy music ,"I’m not affiliated with these folks but I went to their infused comedy show recently ago and it was one of the most delicious and fun evenings I’ve had in a while. I’m posting because it will be more fun if more folks show up! My wife and I will both be there.

* This Friday 
* 4 course cannabis infused dinner (hangar steak)
* Camping in rustic cabins or tents by creek (with clean bath house)
* unlimited prerolls at prerolls bar
* live music
* standup comedy 
* brunch with infused mimosa bar
* yoga 
* swimming hole excursion

https://theticketing.co/e/campinfuso?open=h",helene,community_discussion,
1fn6961,asheville,throwRA8439028920,1727046320,2024-09-22 23:05,23,2,Anyone know what trail this is?  Believed to be near asheville ,,helene,community_discussion,
1fn6bef,asheville,writermusictype,1727046504,2024-09-22 23:08,1,1,Getting To Know The Craft Cocktail Scene But Through Gin? ,"Hi there, coming back to see family and for childhood friend's wedding and also bringing a friend with me who will be a first timer. We both love gin cocktails. Of course Antidote is top of list, but wanted to check in here for other options, new/up and coming spots, or maybe just talented bartenders you love who could whip up something nice. 

Top Of Monk and Capella On 9 are also on my list and seem to have solid gin offerings. 

Thanks so much! ",helene,community_discussion,
