hurricane,unit,source,day,mean_compound,n
Debby,posts,Facebook,-5,0.468,14
Debby,posts,Facebook,-4,0.3596,27
Debby,posts,Facebook,-3,0.1183,37
Debby,posts,Facebook,-2,0.1532,38
Debby,posts,Facebook,-1,-0.172,115
Debby,posts,Facebook,0,-0.2128,23
Debby,posts,Reddit,-5,0.047,16
Debby,posts,Reddit,-4,0.1511,14
Debby,posts,Reddit,-3,0.1049,27
Debby,posts,Reddit,-2,0.2531,44
Debby,posts,Reddit,-1,0.1621,66
Debby,posts,Reddit,0,0.0157,79
Debby,comments,Facebook,-5,0.2007,1256
Debby,comments,Facebook,-4,0.2099,2439
Debby,comments,Facebook,-3,0.2099,3052
Debby,comments,Facebook,-2,0.2546,3469
Debby,comments,Facebook,-1,0.1661,4806
Debby,comments,Facebook,0,0.1172,1177
Debby,comments,Reddit,-5,0.0843,291
Debby,comments,Reddit,-4,0.0678,424
Debby,comments,Reddit,-3,0.0731,1614
Debby,comments,Reddit,-2,0.1457,1743
Debby,comments,Reddit,-1,0.087,2235
Debby,comments,Reddit,0,0.0562,2459
Helene,posts,Facebook,-3,0.329,43
Helene,posts,Facebook,-2,0.1137,45
Helene,posts,Facebook,-1,0.1309,55
Helene,posts,Facebook,0,-0.1377,160
Helene,posts,Facebook,1,-0.0576,19
Helene,posts,Reddit,-4,-0.0104,22
Helene,posts,Reddit,-3,0.0166,57
Helene,posts,Reddit,-2,0.1695,80
Helene,posts,Reddit,-1,0.1197,164
Helene,posts,Reddit,0,0.1519,218
Helene,posts,Reddit,1,0.0175,342
Helene,comments,Facebook,-3,0.1978,2189
Helene,comments,Facebook,-2,0.193,3828
Helene,comments,Facebook,-1,0.2205,3642
Helene,comments,Facebook,0,0.1633,3902
Helene,comments,Facebook,1,0.1843,668
Helene,comments,Reddit,-4,0.097,241
Helene,comments,Reddit,-3,0.1471,1399
Helene,comments,Reddit,-2,0.0934,3220
Helene,comments,Reddit,-1,0.0877,6026
Helene,comments,Reddit,0,0.0859,9909
Helene,comments,Reddit,1,0.0543,12153
Milton,posts,Facebook,-4,0.1813,46
Milton,posts,Facebook,-3,0.0586,62
Milton,posts,Facebook,-2,0.1218,61
Milton,posts,Facebook,-1,0.0697,85
Milton,posts,Facebook,0,-0.1852,122
Milton,posts,Reddit,-5,0.0502,79
Milton,posts,Reddit,-4,0.0783,159
Milton,posts,Reddit,-3,0.0643,274
Milton,posts,Reddit,-2,0.081,526
Milton,posts,Reddit,-1,0.0971,624
Milton,posts,Reddit,0,0.0533,622
Milton,posts,White House,0,0.9329,1
Milton,comments,Facebook,-4,0.1255,4606
Milton,comments,Facebook,-3,0.1429,4578
Milton,comments,Facebook,-2,0.1244,6060
Milton,comments,Facebook,-1,0.19,3802
Milton,comments,Facebook,0,0.1469,10262
Milton,comments,Reddit,-5,0.0203,1273
Milton,comments,Reddit,-4,0.031,5547
Milton,comments,Reddit,-3,0.0557,10720
Milton,comments,Reddit,-2,0.0395,18329
Milton,comments,Reddit,-1,0.0471,22416
Milton,comments,Reddit,0,0.0588,21054
Milton,comments,White House,0,0.107,140
Milton,comments,White House,1,0.0555,38
