id,link_id,parent_id,subreddit,author,created_utc,score,body,hurricane,keyword_hit,created_date,source_type
lq8xr19,t3_1fvpw2j,t3_1fvpw2j,florida,Plane-Guess-3662,2024-10-04T03:29:51+00:00,21,Idk if Miami is safe but that has nothing to do with the weather.,milton,weather,2024-10-04 03:29,community_discussion
lq8zm22,t3_1fvpw2j,t3_1fvpw2j,florida,SpiritualResident565,2024-10-04T03:43:09+00:00,4,I wouldn’t risk Florida.,milton,,2024-10-04 03:43,community_discussion
lq9028n,t3_1fvpw2j,t3_1fvpw2j,florida,monkeyreddit,2024-10-04T03:46:33+00:00,1,"Will be wet, so if your main activities are outside you may be bored.",milton,,2024-10-04 03:46,community_discussion
lq918k3,t3_1fvpw2j,t3_1fvpw2j,florida,mberger09,2024-10-04T03:55:40+00:00,2,"Big rain coming Sunday to Thursday west to east central/south Florida. Miami will be wet, but the storm is coming along the west coast and should die down a lot by the time it gets to you. 

Honestly up to you, earlier in the week should be good for some activities, then just plan indoor activities. Probably better off staying at a hotel than an Airbnb just in case of power outage and whatnot.",milton,storm|power|outage,2024-10-04 03:55,community_discussion
lq942e4,t3_1fvpw2j,t3_1fvpw2j,florida,Western_Mud8694,2024-10-04T04:18:49+00:00,1,"I just got home from a week vacation starting in Fort Lauderdale down to key west, great time no problems, also highly recommend armoray resort on key largo. Great great place and they do snorkel and dive trips",milton,,2024-10-04 04:18,community_discussion
lq96r9i,t3_1fvpw2j,t3_1fvpw2j,florida,SeamoreB00bz,2024-10-04T04:42:07+00:00,1,"ive not beein in two weeks but i go down there abt every other weekend and yea you always get the pop-up t-storm n shower

that said im heading out tomorrow, gonna be there thru monday and come rain or shine im going. just cant pass up a weekend at the beach.",milton,storm,2024-10-04 04:42,community_discussion
lqa2866,t3_1fvvpj1,t3_1fvvpj1,florida,HockeyRules9186,2024-10-04T10:26:29+00:00,32,Understand that 2 more Florida Free insurance companies are going to go bankrupt from this little storm.,milton,storm,2024-10-04 10:26,community_discussion
lqa4kfv,t3_1fvvpj1,t3_1fvvpj1,florida,CardanoCubano,2024-10-04T10:49:57+00:00,55,"Hell, Katrina did that!",milton,,2024-10-04 10:49,community_discussion
lqa9ru6,t3_1fvvpj1,t1_lqa2866,florida,Martin_Blank89,2024-10-04T11:35:35+00:00,18,They are setup to fail . Then loses are pushed down to guess who?,milton,,2024-10-04 11:35,community_discussion
lqabb0e,t3_1fvmjm4,t3_1fvmjm4,florida,Mon-ick,2024-10-04T11:47:53+00:00,1,I remember this… we were driving to somewhere  on Biscayne Boulevard and it was chaos….,milton,,2024-10-04 11:47,community_discussion
lqaekbz,t3_1fvvpj1,t3_1fvvpj1,florida,wiredmagazine,2024-10-04T12:12:33+00:00,16,"Thanks for sharing our story! Here's a snippet for new readers:

Helene [made landfall](https://www.nesdis.noaa.gov/news/hurricane-helene-makes-landfall-florida) southeast of Tallahassee, Florida, last week with winds up to 140 miles per hour, downing trees and bringing [record-breaking storm surges](https://www.washingtonpost.com/climate-environment/2024/09/28/helene-storm-surge-city-impact/) to areas along the Gulf Coast before charging up through Georgia. But perhaps its most shocking impacts have been on inland North Carolina, where it first started raining while the [storm was still over Mexico](https://climate.ncsu.edu/blog/2024/09/rapid-reaction-historic-flooding-follows-helene-in-western-nc/). At least [57 people are dead](https://www.cbs17.com/news/north-carolina-news/probably-go-down-as-worst-disaster-in-nc-history-57-dead-in-buncombe-county-alone-as-mountains-struggle-to-recover/) in Buncombe County in the west of the state alone. Communities [like Boone](https://theappalachianonline.com/photo-gallery-hurricane-helene-causes-devastation-loss-to-boone-community/) received dozens of inches of rainfall despite being hundreds of miles from the coast. Waters rose in main streets, sinkholes and mudslides wreaked havoc, and major roads were blocked, flooded, or degraded by the storm.

Now, there’s a good chance that many homeowners in North Carolina won’t see any payouts from their insurance companies—even if they have policies they thought were comprehensive.

  
“The property insurance market for homes was already a patchwork system that really doesn’t make a lot of sense,” Marlett says. “Now you’re adding in the last couple of years of economic uncertainty, inflation, climate change, population migration—it’s just an unbelievably bad combination happening all at once.”

  
Read more: [https://www.wired.com/story/hurricane-helene-shows-insurance-industry-that-no-homes-are-safe-north-carolina/](https://www.wired.com/story/hurricane-helene-shows-insurance-industry-that-no-homes-are-safe-north-carolina/)",milton,hurricane|storm|noaa,2024-10-04 12:12,community_discussion
lqaxs8u,t3_1fvvpj1,t1_lqa4kfv,florida,Material_Policy6327,2024-10-04T14:14:56+00:00,18,Every day does that honestly,milton,,2024-10-04 14:14,community_discussion
lqb2zkv,t3_1fvvpj1,t3_1fvvpj1,florida,[deleted],2024-10-04T14:43:53+00:00,1,[removed],milton,,2024-10-04 14:43,community_discussion
lqbe5v9,t3_1fw22n9,t3_1fw22n9,florida,Parrot132,2024-10-04T15:44:01+00:00,-1,Miramar doesn't have a beach. Did you mean Hallandale Beach?,milton,,2024-10-04 15:44,community_discussion
lqbenfp,t3_1fw22n9,t3_1fw22n9,florida,jpiro,2024-10-04T15:46:36+00:00,2,"Look out, there's a jellyfish on her arm.",milton,,2024-10-04 15:46,community_discussion
lqbep4e,t3_1fw22n9,t1_lqbe5v9,florida,cramboneUSF,2024-10-04T15:46:51+00:00,3,"Miramar Beach is near Fort Walton Beach. 

Miramar is near Miami.",milton,,2024-10-04 15:46,community_discussion
lqbez9g,t3_1fvvpj1,t3_1fvvpj1,florida,bam1007,2024-10-04T15:48:21+00:00,12,"This article isn’t about Florida. It’s about people inland, predominantly in North Carolina, not buying federal flood insurance.",milton,flood,2024-10-04 15:48,community_discussion
lqbf4ly,t3_1fw22n9,t3_1fw22n9,florida,JustB510,2024-10-04T15:49:08+00:00,3,The weather has been great here in the panhandle!,milton,weather,2024-10-04 15:49,community_discussion
lqbgnty,t3_1fw22n9,t3_1fw22n9,florida,Parrot132,2024-10-04T15:57:12+00:00,19,"Okay, I see there actually is a Miramar Beach but it's not in South Florida where Miramar is, it's way up in the Florida Panhandle.",milton,,2024-10-04 15:57,community_discussion
lqbgol7,t3_1fw22n9,t1_lqbenfp,florida,Fuchsiann,2024-10-04T15:57:18+00:00,2,She has a stingray and crab on that arm too 😂😂 I better keep my distance,milton,,2024-10-04 15:57,community_discussion
lqbgsay,t3_1fw22n9,t1_lqbep4e,florida,Fuchsiann,2024-10-04T15:57:49+00:00,3,What they said! ^ it’s next to destin on the gulf,milton,,2024-10-04 15:57,community_discussion
lqbin3h,t3_1fw22n9,t1_lqbgnty,florida,NitroTacoOG,2024-10-04T16:07:40+00:00,15,"yeah that threw me off, lived in south florida my whole life and never knew miramar had a beach 🤣",milton,,2024-10-04 16:07,community_discussion
lqbje02,t3_1fvvpj1,t3_1fvvpj1,florida,[deleted],2024-10-04T16:11:37+00:00,1,[removed],milton,,2024-10-04 16:11,community_discussion
lqblpxz,t3_1fw37e1,t3_1fw37e1,florida,TableTop8898,2024-10-04T16:24:11+00:00,9,"I’ve wondered this also 

I own a home but I go to the beach at night walk sit and have dozed listening to the waves",milton,,2024-10-04 16:24,community_discussion
lqbls8o,t3_1fw37e1,t3_1fw37e1,florida,heresmytwopence,2024-10-04T16:24:31+00:00,414,"I think it would more likely be used as a pretense to detain, question and search you for other possible reasons to arrest you.",milton,,2024-10-04 16:24,community_discussion
lqbluws,t3_1fw22n9,t1_lqbgnty,florida,_eternallyblack_,2024-10-04T16:24:56+00:00,3,It’s legit next to Destin in Walton Co … I use to live in Miramar Bch…. You drive thru it in like 5 mins 🤣,milton,,2024-10-04 16:24,community_discussion
lqblvi9,t3_1fw22n9,t3_1fw22n9,florida,chuckles65,2024-10-04T16:25:01+00:00,4,"I know exactly where you are, we have stayed in that condo behind you several times. Surfside!",milton,,2024-10-04 16:25,community_discussion
lqbme6c,t3_1fw37e1,t3_1fw37e1,florida,Angryceo,2024-10-04T16:27:48+00:00,4,Pretty sure if you don't have a shopping cart next to you loaded with everything and you are sleeping.. you wont have much to worry about.,milton,,2024-10-04 16:27,community_discussion
lqbmij6,t3_1fw37e1,t3_1fw37e1,florida,Current-Toe-6532,2024-10-04T16:28:26+00:00,5,That’s a great question. Any lawyers here to help with this new law?,milton,,2024-10-04 16:28,community_discussion
lqbmunt,t3_1fw37e1,t3_1fw37e1,florida,Piggybear87,2024-10-04T16:30:15+00:00,52,It says somewhere that the public eating and sleeping doesn't include a picnic or (some word I can't remember) nap.,milton,,2024-10-04 16:30,community_discussion
lqbneeu,t3_1fw22n9,t1_lqbluws,florida,New-Understanding930,2024-10-04T16:33:12+00:00,2,That’s Surfside and Majestic Sun in the background.  Seascape area.,milton,,2024-10-04 16:33,community_discussion
lqbnh9x,t3_1fw22n9,t1_lqbenfp,florida,New-Understanding930,2024-10-04T16:33:37+00:00,1,There’s only one way to fix the sting….,milton,,2024-10-04 16:33,community_discussion
lqbnl66,t3_1fw37e1,t3_1fw37e1,florida,AdVisible1121,2024-10-04T16:34:12+00:00,37,Welcome to the Police State.,milton,,2024-10-04 16:34,community_discussion
lqboaiz,t3_1fw37e1,t3_1fw37e1,florida,AlienMoodBoard,2024-10-04T16:37:58+00:00,6,"If there’s a Walmart just as close as the park, choose Walmart… park toward the outskirts of the lot… run in and ask for a manager or assistant manager, and tell them you need to get some shut eye and am if they mind that you park toward a side/back of the lot away from other cars to do so. 

Walmart is known to be friendly to people— travelers in cars and RVs, truck drivers— who need to sleep somewhere for a while *at night*, but I’m sure they also have people who need to get some rest during the day that they let sleep there, too. 

Don’t skip running in to ask, though… if the cops come and ask management if they know you’re there, they can vouch for you having permission to use their lot, which help removes some suspicion of you being there.",milton,,2024-10-04 16:37,community_discussion
lqboclq,t3_1fw22n9,t3_1fw22n9,florida,EffinAyyItsMe,2024-10-04T16:38:17+00:00,4,Miramar means “ocean view”,milton,,2024-10-04 16:38,community_discussion
lqbolke,t3_1fw22n9,t1_lqbneeu,florida,_eternallyblack_,2024-10-04T16:39:36+00:00,1,I was close .. just a few miles down LOL!,milton,,2024-10-04 16:39,community_discussion
lqbolpt,t3_1fw37e1,t3_1fw37e1,florida,No-Negotiation3093,2024-10-04T16:39:37+00:00,32,"The law prohibits persons without permanent residence to sleep in public spaces. Do you have a home? Then you have a permanent residence and are not included in the language. Also, it is unconstitutional for any officer to ask you for ID if you’re not operating a motor vehicle. You have the right to exist in public spaces without providing ID.",milton,,2024-10-04 16:39,community_discussion
lqbp1c8,t3_1fw37e1,t3_1fw37e1,florida,show_me_that_upvote,2024-10-04T16:41:56+00:00,18,Paradise Lost :(,milton,,2024-10-04 16:41,community_discussion
lqbpwlj,t3_1fw37e1,t3_1fw37e1,florida,Space_Sweetness,2024-10-04T16:46:30+00:00,3,If you are resisting arrest they will arrest you for resting and resisting,milton,,2024-10-04 16:46,community_discussion
lqbq2jt,t3_1fw37e1,t1_lqbnl66,florida,ComfortableOne4918,2024-10-04T16:47:22+00:00,13,But it's Free Lol!,milton,,2024-10-04 16:47,community_discussion
lqbqagm,t3_1fw37e1,t3_1fw37e1,florida,antshite,2024-10-04T16:48:33+00:00,144,It all depends on who catches you taking that nap.,milton,,2024-10-04 16:48,community_discussion
lqbqp5w,t3_1fw37e1,t3_1fw37e1,florida,workswimplay,2024-10-04T16:50:41+00:00,0,Yup,milton,,2024-10-04 16:50,community_discussion
lqbqqsw,t3_1fw37e1,t1_lqboaiz,florida,oripeiwei,2024-10-04T16:50:55+00:00,3,"In my area, the 3rd party security will probably run you out. Also, the Walmart isn’t 24 hours anymore so the cops/security aren’t going to call the manager to see if it’s okay.",milton,,2024-10-04 16:50,community_discussion
lqbqsw1,t3_1fw37e1,t1_lqbqagm,florida,workswimplay,2024-10-04T16:51:13+00:00,152,And what you look like.,milton,,2024-10-04 16:51,community_discussion
lqbrslt,t3_1fw22n9,t3_1fw22n9,florida,_hotstepper_,2024-10-04T16:56:25+00:00,2,"At least you can mira the mar at Miramar Beach, unlike Miramar.",milton,,2024-10-04 16:56,community_discussion
lqbrvxq,t3_1fw37e1,t1_lqbolpt,florida,Gadfly2023,2024-10-04T16:56:55+00:00,7,">Also, it is unconstitutional for any officer to ask you for ID if you’re not operating a motor vehicle.

If the officer has reasonable, articulable suspicion that crime is afoot (about to, is, or has occurred), then they can detain you (4th Amendment, Terry v Ohio). 

Florida is a stop and ID state. If detained, you have to ID yourself one way or another. There’s no requirement to carry a physical ID. 

If you think the officer detained you absent RAS, then I fully support suing them for depravation of rights. ",milton,,2024-10-04 16:56,community_discussion
lqbryqt,t3_1fw37e1,t1_lqblpxz,florida,take_five,2024-10-04T16:57:18+00:00,9,Straight to jail,milton,,2024-10-04 16:57,community_discussion
lqbshbt,t3_1fw37e1,t1_lqbmunt,florida,BWWFC,2024-10-04T17:00:01+00:00,20,"lol thinking of a police officer walking around with a thesaurus for ""some word"" referencing... ""[well technically](https://youtu.be/c6I8Dwyb8VA)...""",milton,,2024-10-04 17:00,community_discussion
lqbshfc,t3_1fw37e1,t1_lqbrvxq,florida,wambo1991,2024-10-04T17:00:02+00:00,2,Lol stop and ID state,milton,,2024-10-04 17:00,community_discussion
lqbsj8v,t3_1fw37e1,t1_lqbolpt,florida,burndata,2024-10-04T17:00:17+00:00,17,"That's not quite right. They can ask you for ID when you're not operating a vehicle, but they need reasonable articulable suspicion that you've committed a crime. They can't just stop you and ask for ID just to check on who you are if they can't tell you what crime they think you have committed.",milton,,2024-10-04 17:00,community_discussion
lqbskh4,t3_1fw37e1,t3_1fw37e1,florida,dominiqlane,2024-10-04T17:00:28+00:00,8,It will probably depend on the cop and how they interpret the law. Or if they’re having a bad day.,milton,,2024-10-04 17:00,community_discussion
lqbsqrf,t3_1fw37e1,t3_1fw37e1,florida,wolfplushiesoul,2024-10-04T17:01:24+00:00,56,"The real answer is they can arrest you for anything at any time because the laws don't apply to them. This is coming from someone with a cop family - they don't follow the law, they follow their fellow frat boys.",milton,,2024-10-04 17:01,community_discussion
lqbssd9,t3_1fw37e1,t3_1fw37e1,florida,BWWFC,2024-10-04T17:01:38+00:00,6,"could have passed out in a diabetic coma... think ""technically"" they have to ask you to leave first... but not a judge!",milton,,2024-10-04 17:01,community_discussion
lqbsyaz,t3_1fw37e1,t3_1fw37e1,florida,[deleted],2024-10-04T17:02:32+00:00,1,[removed],milton,,2024-10-04 17:02,community_discussion
lqbu37z,t3_1fw37e1,t3_1fw37e1,florida,mrchen911,2024-10-04T17:08:37+00:00,4,Freedom,milton,,2024-10-04 17:08,community_discussion
lqbu6o3,t3_1fw37e1,t1_lqbqsw1,florida,AltoidStrong,2024-10-04T17:09:07+00:00,60,This is the real answer.,milton,,2024-10-04 17:09,community_discussion
lqbufel,t3_1fw37e1,t3_1fw37e1,florida,iwantthisnowdammit,2024-10-04T17:10:25+00:00,26,"Public Sleeping is defined as:

b. Lodging or residing overnight in an outdoor space without a tent or other temporary shelter",milton,,2024-10-04 17:10,community_discussion
lqbuk7m,t3_1fw37e1,t1_lqbls8o,florida,angrybudget,2024-10-04T17:11:08+00:00,97,Just don't have anything in your pockets,milton,,2024-10-04 17:11,community_discussion
lqbukqk,t3_1fw22n9,t3_1fw22n9,florida,hukkersvs28,2024-10-04T17:11:13+00:00,3,"Lived there for 4 years and they have the most beautiful beaches, when all the tourists aren’t there. Winter you have the Canadian’s who want everything for free and the summer it is the Redneck Riveria.",milton,,2024-10-04 17:11,community_discussion
lqbuv0f,t3_1fw37e1,t3_1fw37e1,florida,spec360,2024-10-04T17:12:43+00:00,1,Make sure you eat your lunch first before being arrested 😂,milton,,2024-10-04 17:12,community_discussion
lqbv18z,t3_1fw37e1,t1_lqbrvxq,florida,No-Negotiation3093,2024-10-04T17:13:37+00:00,3,What’s the probable cause to ask for ID if you’re just outside minding your own business? I ask because we just covered this last week in Con Law.,milton,,2024-10-04 17:13,community_discussion
lqbv3ln,t3_1fw37e1,t3_1fw37e1,florida,[deleted],2024-10-04T17:13:59+00:00,1,[removed],milton,,2024-10-04 17:13,community_discussion
lqbv5lk,t3_1fw22n9,t3_1fw22n9,florida,Aggressive-Ask-6316,2024-10-04T17:14:16+00:00,1,This looks like Hallandale beach,milton,,2024-10-04 17:14,community_discussion
lqbw1ka,t3_1fw37e1,t3_1fw37e1,florida,Phyddlestyx,2024-10-04T17:19:00+00:00,4,"This might be unrelated but I saw security at tyrone  mall waking up men who were snoozing in the comfy chairs while waiting for others to finish shopping, and telling them they're allowed to sit there but not sleep.",milton,,2024-10-04 17:19,community_discussion
lqbwgq0,t3_1fw2s7u,t3_1fw2s7u,florida,[deleted],2024-10-04T17:21:14+00:00,1,[removed],milton,,2024-10-04 17:21,community_discussion
lqbxlur,t3_1fw37e1,t3_1fw37e1,florida,Thirsty_Comment88,2024-10-04T17:27:19+00:00,0,Yes you absolutely could.,milton,,2024-10-04 17:27,community_discussion
lqbxomi,t3_1fw37e1,t3_1fw37e1,florida,PrizeSet5151,2024-10-04T17:27:43+00:00,7,There is more homeless then cops. They are going to start issuing warnings to people. There is probably more homeless then cells. They really didn't think this whole thing through really well. Enforce it how?,milton,,2024-10-04 17:27,community_discussion
lqbxrx1,t3_1fw37e1,t1_lqbv18z,florida,Gadfly2023,2024-10-04T17:28:11+00:00,8,"They’re going to say the new law, which we all know is bogus, and then the courts won’t hold the accountable for it. 

Meanwhile the person who gets arrested for refusing to ID because Reddit Man said ‘you didn’t need to ID unless you’re driving’ learns that you can beat the charge but not the ride. ",milton,,2024-10-04 17:28,community_discussion
lqby35e,t3_1fw37e1,t1_lqbxrx1,florida,No-Negotiation3093,2024-10-04T17:29:51+00:00,1,Knowledge is meant to be shared and that knowledge came from an actual law class not Reddit.,milton,,2024-10-04 17:29,community_discussion
lqby7gp,t3_1fw37e1,t1_lqbmunt,florida,Boomshtick414,2024-10-04T17:30:29+00:00,48,"There's no exemption for that -- but the defined terms for ""public sleeping or camping"" are specifically for ***overnight*** sleeping/lodging so anything during the daytime would be out of scope.

Importantly, this is not a law that dictates *how* restrictive a jurisdiction could be -- it just sets the minimum requirements for local ordinances. So for the purpose of answering OP's question, the real answer is ""check your local ordinances now and again in a couple/few months from now"" -- because any jurisdiction could choose to be more restrictive than the state law or play it more fast and loose with their own definitions as they bring their ordinances into compliance.",milton,,2024-10-04 17:30,community_discussion
lqbylv4,t3_1fw37e1,t1_lqby35e,florida,Gadfly2023,2024-10-04T17:32:37+00:00,5,"I’m not arguing with the content and theory. However every day application doesn’t seem to work that way. 

Heck, look up the Jeff Gray videos. The amount of times he’s been trespassed for holding a sign saying “God bless homeless vets” from the literal steps of city hall and received settlements is astonishing. However he’s being run off for literal 1st amendment speech on the literal steps of city hall. ",milton,,2024-10-04 17:32,community_discussion
lqbypgl,t3_1fw37e1,t1_lqbolpt,florida,Boomshtick414,2024-10-04T17:33:09+00:00,1,"This is wrong. Residency or lack thereof is not a factor in the definition of ""public sleeping or camping"" under the law.",milton,,2024-10-04 17:33,community_discussion
lqbz154,t3_1fw37e1,t1_lqby7gp,florida,chpsk8,2024-10-04T17:34:54+00:00,31,"Oh, so the loophole is that homeless people can just become nocturnal like a hamster and sleep all day without fear of arrest.",milton,,2024-10-04 17:34,community_discussion
lqbz3ky,t3_1fw37e1,t1_lqbsj8v,florida,MeanOldWind,2024-10-04T17:35:16+00:00,6,Reasonable articulable suspicion that you committed a crime OR are about to commit a crime.,milton,,2024-10-04 17:35,community_discussion
lqbzfmg,t3_1fw37e1,t3_1fw37e1,florida,AutomaticPanda8,2024-10-04T17:37:05+00:00,1,It depends on how bored the cops are that find you.,milton,,2024-10-04 17:37,community_discussion
lqc18j5,t3_1fw37e1,t1_lqbxomi,florida,ArtisenalMoistening,2024-10-04T17:46:40+00:00,11,"My question is, what next? Arrest them and keep them detained forever? This is such a non-solution it’s insane",milton,,2024-10-04 17:46,community_discussion
lqc1a5q,t3_1fw37e1,t1_lqbqqsw,florida,AlienMoodBoard,2024-10-04T17:46:54+00:00,3,"Ahh. That’s too bad. My parents have a fifth wheel, I think it’s called (RV camper that they tow with a pickup truck), and when they used to travel around sometimes they’d stop at Walmart and ask to rest for a while and were never been turned away. But you make a good point— about 24/7– because that was back when Walmart was 24 hours…

Maybe OP could drive to a rest area, and let the attendant know that they’re parking to get some rest? 🤔  People sleep there all the time. I’ve done it before on long trips, and truck drivers do it. 🤷‍♀️",milton,,2024-10-04 17:46,community_discussion
lqc23bu,t3_1fw37e1,t3_1fw37e1,florida,livefreeKB,2024-10-04T17:51:10+00:00,4,Tattoo eyeballs on your eyelids. Thank me later.,milton,,2024-10-04 17:51,community_discussion
lqc2ffm,t3_1fw37e1,t1_lqbuk7m,florida,zerobeat,2024-10-04T17:52:57+00:00,124,And be white.,milton,,2024-10-04 17:52,community_discussion
lqc2jup,t3_1fvvpj1,t3_1fvvpj1,florida,[deleted],2024-10-04T17:53:37+00:00,1,[removed],milton,,2024-10-04 17:53,community_discussion
lqc2lu8,t3_1fw37e1,t1_lqc2ffm,florida,angrybudget,2024-10-04T17:53:54+00:00,71,That was implied,milton,,2024-10-04 17:53,community_discussion
lqc2oxh,t3_1fw37e1,t1_lqc18j5,florida,[deleted],2024-10-04T17:54:22+00:00,1,[removed],milton,,2024-10-04 17:54,community_discussion
lqc2xda,t3_1fw37e1,t1_lqbls8o,florida,moocow4125,2024-10-04T17:55:36+00:00,7,Which means yes + the police might kill you. Wonderful country.,milton,,2024-10-04 17:55,community_discussion
lqc396c,t3_1fw37e1,t3_1fw37e1,florida,urtechhatesyou,2024-10-04T17:57:22+00:00,2,"I honestly wouldn't give the police a reason to harass you in any way, since they'll just want to find anything to lock you up.",milton,,2024-10-04 17:57,community_discussion
lqc3bt3,t3_1fw37e1,t1_lqc1a5q,florida,oripeiwei,2024-10-04T17:57:45+00:00,3,"Yeah a rest area is a good idea. I’ve slept in my car on long road trips at truck stop gas stations too (pilot, loves, etc).",milton,,2024-10-04 17:57,community_discussion
lqc3cwu,t3_1fw37e1,t1_lqbypgl,florida,No-Negotiation3093,2024-10-04T17:57:55+00:00,0,One can assume that the point of the house bill is to prevent homeless persons from sleeping or “camping” in public spaces. Are other people sleeping in public that this bill was brought in response? Is that a problem for Florida? People with home are willy nilly camping behind Walmart or at Lake Osceola? Weird.,milton,,2024-10-04 17:57,community_discussion
lqc3rml,t3_1fw37e1,t3_1fw37e1,florida,UniversityNo6727,2024-10-04T18:00:06+00:00,2,You'd be robbed before arrested,milton,,2024-10-04 18:00,community_discussion
lqc3ww7,t3_1fw37e1,t3_1fw37e1,florida,_sesamebagel,2024-10-04T18:00:52+00:00,15,What a fucked up state of society where this question needs to be asked. We're here because of fear-driven conservative delusion and nothing else.,milton,,2024-10-04 18:00,community_discussion
lqc3xti,t3_1fw37e1,t1_lqbls8o,florida,ohromantics,2024-10-04T18:01:01+00:00,46,"This is true. It happened to me a few months ago. I like to sit in nature (nature being a huge residential lake) and watch documentaries on my phone. On this occasion, I dozed off. I was awoken to the sounds of about 6 fire fighters (full truck) and 3 sherriffs. The FF's were cool, took my vitals (for heat exhaustion) but HCSO nothing more than arrest me. No drugs on me, not even my car keys. I invited them to search me, when they fibally figured out I couldnt be arrested - they vanished.

They fire truck was cool though, they honked and gave me a thumbs up.",milton,,2024-10-04 18:01,community_discussion
lqc57jc,t3_1fw37e1,t1_lqboaiz,florida,MeteorlySilver,2024-10-04T18:07:51+00:00,4,"Most jurisdictions in Florida prohibit overnight parking in parking lots like at Walmart, because it “hurts the poor local campground owner who should be able to ~~steal from you~~ charge you $60-$90 for an 8 hour stay while using no services.",milton,,2024-10-04 18:07,community_discussion
lqc5dcj,t3_1fw37e1,t3_1fw37e1,florida,treadneck,2024-10-04T18:08:42+00:00,2,In Free Florida? You bet.,milton,,2024-10-04 18:08,community_discussion
lqc5jsz,t3_1fw37e1,t3_1fw37e1,florida,[deleted],2024-10-04T18:09:39+00:00,1,[deleted],milton,,2024-10-04 18:09,community_discussion
lqc633i,t3_1fw37e1,t1_lqbsj8v,florida,Active_Club3487,2024-10-04T18:12:33+00:00,1,"While I do agree, ID isn’t needed, it just makes any stop simpler.",milton,,2024-10-04 18:12,community_discussion
lqc759x,t3_1fw37e1,t3_1fw37e1,florida,Old_Chemical_3610,2024-10-04T18:18:17+00:00,1,"Yes but, you can lay your AR15 out on a park bench and clean it. Punch the bore and cycle the action.",milton,,2024-10-04 18:18,community_discussion
lqc7fm3,t3_1fw22n9,t3_1fw22n9,florida,FromHialeahWithLead,2024-10-04T18:19:51+00:00,3,That growl at the end. 🤣,milton,,2024-10-04 18:19,community_discussion
lqc7j8r,t3_1fw37e1,t3_1fw37e1,florida,MelloMolly,2024-10-04T18:20:23+00:00,0,^^ **Legally YES** ^*,milton,,2024-10-04 18:20,community_discussion
lqc7ptq,t3_1fw37e1,t1_lqbz154,florida,JoviAMP,2024-10-04T18:21:21+00:00,29,"Let's be honest, becoming nocturnal in Florida already sounds like a practical idea for eight months out of the year.",milton,,2024-10-04 18:21,community_discussion
lqc8c16,t3_1fw37e1,t3_1fw37e1,florida,Nish0n_is_0n,2024-10-04T18:24:40+00:00,0,"I think you should be good as long as you're not accompanied by other things such as a Publix cart, a tent, a sleeping bag and homelessness....",milton,,2024-10-04 18:24,community_discussion
lqc8mx5,t3_1fw37e1,t3_1fw37e1,florida,King_Powers,2024-10-04T18:26:16+00:00,1,Just post a note or flag. Taking a nap 😴,milton,,2024-10-04 18:26,community_discussion
lqc8qtq,t3_1fw37e1,t3_1fw37e1,florida,West-Wash6081,2024-10-04T18:26:51+00:00,1,Don't be Haitian and if you are make sure it isn't a dog park.,milton,,2024-10-04 18:26,community_discussion
lqc8vwh,t3_1fw37e1,t1_lqbz154,florida,Funkyokra,2024-10-04T18:27:37+00:00,6,I'm sure we all want homeless people wandering around in the night instead of curled up sleeping. Might need some meth to stay awake and they can get some scrapping and dumpster diving done while they are at it.,milton,,2024-10-04 18:27,community_discussion
lqc8wfd,t3_1fw37e1,t3_1fw37e1,florida,meusnomenestiesus,2024-10-04T18:27:42+00:00,1,Yep! Or not! Isn't living in a police state cool?,milton,,2024-10-04 18:27,community_discussion
lqc9tb8,t3_1fw22n9,t1_lqbgnty,florida,a-horse-has-no-name,2024-10-04T18:32:37+00:00,0,"Miramar, you mean that division of Broward County that's 20 miles from the beach? Where you can't view the sea?",milton,,2024-10-04 18:32,community_discussion
lqc9wa5,t3_1fw22n9,t1_lqboclq,florida,a-horse-has-no-name,2024-10-04T18:33:04+00:00,1,"""Ocean View Beach""

Yeah I'd hope you could see the ocean from the beach.",milton,,2024-10-04 18:33,community_discussion
lqcadnz,t3_1fw37e1,t1_lqc3xti,florida,Sp4rt4n423,2024-10-04T18:35:41+00:00,32,Protect and serve is dead,milton,,2024-10-04 18:35,community_discussion
lqcbi9l,t3_1fw22n9,t1_lqbneeu,florida,HodgeGodglin,2024-10-04T18:41:43+00:00,1,Funny there’s also a Surfside in south Florida and Central/NE Fl I believe.,milton,,2024-10-04 18:41,community_discussion
lqcbiz3,t3_1fw37e1,t1_lqbxomi,florida,baseball_mickey,2024-10-04T18:41:49+00:00,5,"I was in downtown Jacksonville yesterday and areas where there had been a considerable homeless presence, there was none.  Zero.  I wonder if they started sweeps after the law went into effect, or if they were moving them somewhere.",milton,,2024-10-04 18:41,community_discussion
lqcbwzn,t3_1fw37e1,t1_lqcbiz3,florida,PrizeSet5151,2024-10-04T18:43:56+00:00,3,"In all cities they are going in to the libraries. After the libraries close, you see a lot on the streets.",milton,,2024-10-04 18:43,community_discussion
lqcc89l,t3_1fw37e1,t3_1fw37e1,florida,BusStopKnifeFight,2024-10-04T18:45:37+00:00,2,If they ask you if you were sleeping your answer is no. And then you STFU and don’t talk to the police.,milton,,2024-10-04 18:45,community_discussion
lqccbgt,t3_1fw22n9,t1_lqcbi9l,florida,New-Understanding930,2024-10-04T18:46:05+00:00,1,"Surfside is the condo name, in this case.",milton,,2024-10-04 18:46,community_discussion
lqccqff,t3_1fw37e1,t3_1fw37e1,florida,Puzzleheaded-Phase47,2024-10-04T18:48:18+00:00,1,It is so bananas that this has to be a thought process now.,milton,,2024-10-04 18:48,community_discussion
lqcduzi,t3_1fw22n9,t3_1fw22n9,florida,DesaYunoMmy,2024-10-04T18:54:11+00:00,2,Beautiful!,milton,,2024-10-04 18:54,community_discussion
lqcggna,t3_1fw22n9,t1_lqc9wa5,florida,EffinAyyItsMe,2024-10-04T19:08:09+00:00,1,Very creative naming,milton,,2024-10-04 19:08,community_discussion
lqch7k5,t3_1fw37e1,t1_lqc2ffm,florida,cavalloacquatico,2024-10-04T19:12:13+00:00,-36,"Nah. Youngsters of all races draw extra attention. After that it's down to manners, diction, attire. And no running or resisting cuffing.

A wallet full of credit n debit cards as you pull out your license really, really earns respect. And short haircut at times.

But as far as initial attention - all youngsters draw it. From 17 years old  I always had military haircut + suit n tie on- yet i was constantly stopped. Even on foot for field interviews.

If u walk with the limp, have a JayZ do, pants around your knees, rope chains, crooked or backward cap on, are boisterous...you might look like you have or sell Rx. Or if middle-aged but still dress like a teen in sports team attire.

Ditto whites / Hispanics smelling of Axe spray, with goatees or ponytails / multiple facial tatts n cattle ring hoops, low rider shorts that almost touch shoes...

Is there anyone on the planet with above getups that says no to drugs and alcohol?",milton,,2024-10-04 19:12,community_discussion
lqchb1h,t3_1fw22n9,t3_1fw22n9,florida,lordvoldster,2024-10-04T19:12:44+00:00,2,Hey thats where I live ! Purple flag means dangerous marine life is present . Could be anything from jelly fish to a shark siting . It’s up pretty often lol .,milton,,2024-10-04 19:12,community_discussion
lqchfr4,t3_1fw37e1,t1_lqc8mx5,florida,Switchblade83,2024-10-04T19:13:26+00:00,2,"""Sleeping, not homeless""",milton,,2024-10-04 19:13,community_discussion
lqchx0c,t3_1fw37e1,t1_lqcadnz,florida,Visible_Day9146,2024-10-04T19:16:01+00:00,20,They didn't mean *us*,milton,,2024-10-04 19:16,community_discussion
lqcj1tg,t3_1fw37e1,t1_lqbmunt,florida,jakemarthur,2024-10-04T19:22:08+00:00,9,"That’s not even remotely what the law says

(b)1. “Public camping or sleeping” means:
a. Lodging or residing overnight in a temporary outdoor
habitation used as a dwelling or living space and evidenced by the erection of a tent or other temporary shelter, the presence of bedding or pillows, or the storage of personal belongings; or
b. Lodging or residing overnight in an outdoor space
without a tent or other temporary shelter.
2. The term does not include:
a. Lodging or residing overnight in a motor vehicle that
is registered, insured, and located in a place where it may lawfully be.

This bill doesn’t ban sleeping in public. It *bans counties and municipalities from allowing sleeping in public. 

You may not be overnight near your personal belongings or anything resembling a bed unless you are in a legally parked vehicle.

If you fall asleep during a late night picnic, you will be subject to fine or arrest under county and local law.

Curiously, falling asleep without any belongings or bedding is not considered public sleeping in this statute. So feel free to sleep on the steps of your city hall in protest. Just don’t bring a pillow. 

You would still be subject to local laws due to the Supreme Courts ruling in Grant Pass V. G. Johnson.

*the bill does have a pathway for cities to be approved by the Department of Children and Families to use a section of public land for the purposes of public sleeping. But there is a lot of red tape involved.",milton,,2024-10-04 19:22,community_discussion
lqcj3os,t3_1fw37e1,t3_1fw37e1,florida,ThisGuyIRLv2,2024-10-04T19:22:24+00:00,10,"The fact this question has to be asked, and then debated in a serious manner should be sounding alarms. Homelessness is now criminal. At least there's a lot of affordable housing. Right? Oh, yeah...",milton,,2024-10-04 19:22,community_discussion
lqcjipl,t3_1fw22n9,t3_1fw22n9,florida,Sad-Attempt4920,2024-10-04T19:24:38+00:00,1,Pretty beach but id die of boredom if I had to live there,milton,,2024-10-04 19:24,community_discussion
lqcjrdk,t3_1fw37e1,t1_lqcadnz,florida,krakatoa83,2024-10-04T19:25:56+00:00,11,Never existed,milton,,2024-10-04 19:25,community_discussion
lqcnd4m,t3_1fw37e1,t1_lqcadnz,florida,Melodic_Melodie,2024-10-04T19:45:34+00:00,-5,"That’s because Florida is extremely overpopulated, it’s no longer a quiet sleepy state.",milton,,2024-10-04 19:45,community_discussion
lqcnh02,t3_1fw37e1,t1_lqcnd4m,florida,Sp4rt4n423,2024-10-04T19:46:09+00:00,5,Eh... I didn't mean just Florida.,milton,,2024-10-04 19:46,community_discussion
lqcnv83,t3_1fw37e1,t1_lqcnh02,florida,Melodic_Melodie,2024-10-04T19:48:20+00:00,3,"Well, you posted in the Florida subreddit 🤷🏼‍♀️",milton,,2024-10-04 19:48,community_discussion
lqco7nx,t3_1fw37e1,t1_lqch7k5,florida,12ottersinajumpsuit,2024-10-04T19:50:13+00:00,38,"Hey man, what the actual fuck did you just write lol",milton,,2024-10-04 19:50,community_discussion
lqco8gh,t3_1fw37e1,t3_1fw37e1,florida,[deleted],2024-10-04T19:50:20+00:00,1,[removed],milton,,2024-10-04 19:50,community_discussion
lqcoq9i,t3_1fw37e1,t1_lqc2xda,florida,Snarky_Goblin898,2024-10-04T19:53:03+00:00,-17,Except no the police won’t kill you unless you’re a criminal doing idiotic things but I guess anything is possible when you lie.,milton,,2024-10-04 19:53,community_discussion
lqcoqua,t3_1fw22n9,t1_lqccbgt,florida,HodgeGodglin,2024-10-04T19:53:08+00:00,1,Oh. Then there’s probably 100 surfsides lol,milton,,2024-10-04 19:53,community_discussion
lqcot0e,t3_1fw37e1,t1_lqbsqrf,florida,Snarky_Goblin898,2024-10-04T19:53:27+00:00,-8,Man I wish I could be this delusional…,milton,,2024-10-04 19:53,community_discussion
lqcqdd6,t3_1fw37e1,t3_1fw37e1,florida,2Hanks,2024-10-04T20:02:01+00:00,1,"I'm sure they'll mostly profile you based on how you're dressed, smell, what you have with you, etc.",milton,,2024-10-04 20:02,community_discussion
lqcr1nv,t3_1fw8gcv,t3_1fw8gcv,florida,AutoModerator,2024-10-04T20:05:42+00:00,1,"
Your [submission](https://www.reddit.com/r/florida/comments/1fw8gcv/full_list_of_republicans_who_voted_against_fema/) has been removed from r/Florida. 

**Only active members of the subreddit may post news or political posts.** 

[Please see our posting guidelines for more information.](https://www.reddit.com/r/florida/wiki/index/political_guidelines/)


*I am a bot, and this action was performed automatically. Please [contact the moderators of this subreddit](/message/compose/?to=/r/florida) if you have any questions or concerns.*",milton,,2024-10-04 20:05,community_discussion
lqcraot,t3_1fw37e1,t3_1fw37e1,florida,florida_goat,2024-10-04T20:07:05+00:00,1,No,milton,,2024-10-04 20:07,community_discussion
lqcrlr9,t3_1fw37e1,t3_1fw37e1,florida,[deleted],2024-10-04T20:08:47+00:00,1,[deleted],milton,,2024-10-04 20:08,community_discussion
lqcrzww,t3_1fw37e1,t3_1fw37e1,florida,PoopPant73,2024-10-04T20:10:57+00:00,1,As long as you’re naked then you should be fine.,milton,,2024-10-04 20:10,community_discussion
lqct50q,t3_1fw37e1,t1_lqch7k5,florida,codElephant517,2024-10-04T20:17:15+00:00,9,Ok fed,milton,,2024-10-04 20:17,community_discussion
lqct874,t3_1fw37e1,t3_1fw37e1,florida,[deleted],2024-10-04T20:17:45+00:00,1,[deleted],milton,,2024-10-04 20:17,community_discussion
lqct97l,t3_1fw37e1,t1_lqcot0e,florida,wolfplushiesoul,2024-10-04T20:17:54+00:00,10,"And I wish wendy's employees had as good of a union as most LEOs do. World's not fair, buddy.",milton,,2024-10-04 20:17,community_discussion
lqctamh,t3_1fw37e1,t3_1fw37e1,florida,jnangano,2024-10-04T20:18:07+00:00,2,"It depends

https://preview.redd.it/xfe4bv2isssd1.jpeg?width=1218&format=pjpg&auto=webp&s=45694f617722ae546ad86390595cfda34cf3a25e",milton,,2024-10-04 20:18,community_discussion
lqcto3p,t3_1fw37e1,t1_lqcoq9i,florida,codElephant517,2024-10-04T20:20:12+00:00,11,Do you salt your boots before licking them?,milton,,2024-10-04 20:20,community_discussion
lqctoru,t3_1fw37e1,t3_1fw37e1,florida,gggggfskkk,2024-10-04T20:20:19+00:00,1,Say it’s siesta time,milton,,2024-10-04 20:20,community_discussion
lqctyis,t3_1fw37e1,t1_lqc3ww7,florida,TheCheesePhilosopher,2024-10-04T20:21:50+00:00,-1,I had to visit and feared I’d get a $1000 fine just for using the restroom.,milton,,2024-10-04 20:21,community_discussion
lqcu4uu,t3_1fw37e1,t1_lqcoq9i,florida,ObviousExit9,2024-10-04T20:22:48+00:00,6,"Wrong. They’ll shoot you for anything. 

https://en.wikipedia.org/wiki/Shooting_of_Charles_Kinsey?wprov=sfti1",milton,,2024-10-04 20:22,community_discussion
lqcu6w0,t3_1fw37e1,t1_lqbqagm,florida,ObviousExit9,2024-10-04T20:23:07+00:00,8,Don’t catch you slippin up.,milton,,2024-10-04 20:23,community_discussion
lqcujqv,t3_1fw37e1,t1_lqco7nx,florida,FunKitchen7922,2024-10-04T20:25:06+00:00,18,I'm still trying to comprehend what he wrote,milton,,2024-10-04 20:25,community_discussion
lqcvgfl,t3_1fw37e1,t1_lqco7nx,florida,StepEfficient864,2024-10-04T20:30:11+00:00,5,I thought it was pretty funny. I like satire though,milton,,2024-10-04 20:30,community_discussion
lqcwmd7,t3_1fw37e1,t1_lqcoq9i,florida,Xobeloot,2024-10-04T20:36:38+00:00,10,Or if there is a rogue acorn nearby.,milton,,2024-10-04 20:36,community_discussion
lqcxb2h,t3_1fw37e1,t1_lqcbiz3,florida,TheGantra,2024-10-04T20:40:26+00:00,1,Ehh i seen two on union yesterday one laid out flat on the side walk with their legs hanging out in the street.,milton,,2024-10-04 20:40,community_discussion
lqcxuih,t3_1fw37e1,t1_lqcu4uu,florida,Snarky_Goblin898,2024-10-04T20:43:25+00:00,-12,False. Outliers don’t make the norm and it’s weird you think they do.,milton,,2024-10-04 20:43,community_discussion
lqcxyxi,t3_1fw37e1,t1_lqcto3p,florida,Snarky_Goblin898,2024-10-04T20:44:06+00:00,-12,"No , I’m not an idiot leftoid. I have critical thinking skills so obviously I’d use sugar.",milton,,2024-10-04 20:44,community_discussion
lqczqji,t3_1fw85r2,t3_1fw85r2,florida,ReadyYak1,2024-10-04T20:53:54+00:00,4,"It entirely depends on the source. Personally, even if told that it’s 100% safe by reports, I wouldn’t trust any fish out of the impact zone on the gulf right now. There were over 18 million gallons of raw sewage that flowed into the Gulf in Sarasota back in August just from flooding (https://www.heraldtribune.com/story/weather/hurricane/2024/08/09/numerous-sewage-spills-reported-in-sarasota-and-manatee-during-debby/74721779007/). I haven’t seen any reports on water in st pete or other zones, but I imagine it’s as least as bad as that or worse. 

It could be prefectly edible, but the thought of that certainly grosses me out.",milton,hurricane|weather,2024-10-04 20:53,community_discussion
lqd07nf,t3_1fw37e1,t1_lqch7k5,florida,DirtyOldCommie,2024-10-04T20:56:32+00:00,11,"I always wanted to ask. What does boot taste like? 
Holy shit. What the fuck did I just read.",milton,,2024-10-04 20:56,community_discussion
lqd156q,t3_1fw37e1,t1_lqbls8o,florida,Kingsta8,2024-10-04T21:01:48+00:00,0,So yes with too much yada yada,milton,,2024-10-04 21:01,community_discussion
lqd1xzz,t3_1fw37e1,t1_lqcxuih,florida,moocow4125,2024-10-04T21:06:27+00:00,7,"When the outlier is murder it does. You wouldn't be afforded the same benefit of the doubt. 

Also... don't say leftoid you just look dumb",milton,,2024-10-04 21:06,community_discussion
lqd3klr,t3_1fw37e1,t1_lqc2ffm,florida,windycityc,2024-10-04T21:15:54+00:00,19,"Also, carry a safety orange wallet.

On second thought, that might be mistaken for a flare gun.",milton,,2024-10-04 21:15,community_discussion
lqd3zen,t3_1fw37e1,t1_lqcujqv,florida,windycityc,2024-10-04T21:18:20+00:00,7,"If y'all don't understand, just know that you have been blessed. Have a great weekend!",milton,,2024-10-04 21:18,community_discussion
lqd4sl4,t3_1fw22n9,t1_lqc9tb8,florida,echobox_rex,2024-10-04T21:23:05+00:00,1,No. That's not what they mean.,milton,,2024-10-04 21:23,community_discussion
lqd4zki,t3_1fw37e1,t1_lqcu6w0,florida,No_Introduction2103,2024-10-04T21:24:14+00:00,0,If Bae catches her Slippin she’ll be fine but if the Florida police catch you… not fine,milton,,2024-10-04 21:24,community_discussion
lqd50g1,t3_1fw37e1,t1_lqbls8o,florida,WrongEinstein,2024-10-04T21:24:23+00:00,1,What does it have in its pocketses?,milton,,2024-10-04 21:24,community_discussion
lqd54sg,t3_1fw37e1,t1_lqc8vwh,florida,No_Introduction2103,2024-10-04T21:25:06+00:00,5,It’s too hot for anyone to be walking around during the day,milton,,2024-10-04 21:25,community_discussion
lqd6fxi,t3_1fw85r2,t3_1fw85r2,florida,Enra-Anon,2024-10-04T21:32:51+00:00,6,That’s such a good question I had not considered before.,milton,,2024-10-04 21:32,community_discussion
lqd6mp7,t3_1fw37e1,t1_lqc23bu,florida,kahgknow,2024-10-04T21:33:58+00:00,2,![gif](giphy|11ek2K7ZNXZPUY|downsized),milton,,2024-10-04 21:33,community_discussion
lqd6yhe,t3_1fw37e1,t1_lqcu6w0,florida,Sacred-AF,2024-10-04T21:35:56+00:00,5,This is America 🎶,milton,,2024-10-04 21:35,community_discussion
lqd7fqc,t3_1fw37e1,t1_lqch7k5,florida,RoleLong7458,2024-10-04T21:38:45+00:00,4,r/okayboomer,milton,,2024-10-04 21:38,community_discussion
lqd7hce,t3_1fwacmx,t3_1fwacmx,florida,daroofman,2024-10-04T21:39:00+00:00,-5,thumbs inur but ..calm down tourist,milton,,2024-10-04 21:39,community_discussion
lqd7nb9,t3_1fwalm7,t3_1fwalm7,florida,AutoModerator,2024-10-04T21:39:58+00:00,1,"
Your [submission](https://www.reddit.com/r/florida/comments/1fwalm7/floridas_biggest_insurer_cuts_over_600k_policies/) has been removed from r/Florida. 

**Only active members of the subreddit may post news or political posts.** 

[Please see our posting guidelines for more information.](https://www.reddit.com/r/florida/wiki/index/political_guidelines/)


*I am a bot, and this action was performed automatically. Please [contact the moderators of this subreddit](/message/compose/?to=/r/florida) if you have any questions or concerns.*",milton,,2024-10-04 21:39,community_discussion
lqd8cp6,t3_1fwacmx,t3_1fwacmx,florida,Blindmailman,2024-10-04T21:44:09+00:00,14,This is all because I have vacation time coming up next week.  This crap always happens when I get time off,milton,,2024-10-04 21:44,community_discussion
lqd8gzc,t3_1fw37e1,t1_lqch7k5,florida,Fabulous_State9921,2024-10-04T21:44:52+00:00,2,"**""Nah. Youngsters ... ""**

https://i.redd.it/px3f458z7tsd1.gif",milton,,2024-10-04 21:44,community_discussion
lqd8j6i,t3_1fw37e1,t3_1fw37e1,florida,StoryHorrorRick,2024-10-04T21:45:14+00:00,1,"It applies to mainly overnight and the evidence mentioned includes you needing to have a pillow, blanket, other items. It's a weird law.",milton,,2024-10-04 21:45,community_discussion
lqd8ja5,t3_1fwacmx,t1_lqd8cp6,florida,Manlypumpkins,2024-10-04T21:45:15+00:00,19,Maybe stop taking time off in peak hurricane season? Reminds of a co worker who got mad because a hurricane always happens around her birthday….,milton,hurricane,2024-10-04 21:45,community_discussion
lqd8wfb,t3_1fw37e1,t1_lqd07nf,florida,Fabulous_State9921,2024-10-04T21:47:27+00:00,3,"Exactly WTF?! 😄

https://i.redd.it/sse98vwf8tsd1.gif",milton,,2024-10-04 21:47,community_discussion
lqd9lv7,t3_1fwacmx,t3_1fwacmx,florida,Hot-Ocelot-1058,2024-10-04T21:51:41+00:00,343,"We don't even have fall in this state.  Just summer, hurricane season, and 1 month of winter.",milton,hurricane,2024-10-04 21:51,community_discussion
lqd9u4e,t3_1fwacmx,t1_lqd8cp6,florida,OIAQP,2024-10-04T21:53:04+00:00,0,"You too, huh?",milton,,2024-10-04 21:53,community_discussion
lqdabet,t3_1fwacmx,t1_lqd9lv7,florida,Gudi_Nuff,2024-10-04T21:55:57+00:00,12,And 1 month of lovebugs,milton,,2024-10-04 21:55,community_discussion
lqdae6u,t3_1fwacmx,t1_lqd9lv7,florida,Apprehensive-Dog8106,2024-10-04T21:56:24+00:00,190,"We have fall, fallin over from heat stroke",milton,,2024-10-04 21:56,community_discussion
lqdaec5,t3_1fw37e1,t3_1fw37e1,florida,kevinmfry,2024-10-04T21:56:26+00:00,1,"In most places in America, you can be arrested for sleeping in public.",milton,,2024-10-04 21:56,community_discussion
lqdagex,t3_1fw37e1,t1_lqc23bu,florida,Kosherlove,2024-10-04T21:56:47+00:00,1,https://i.redd.it/4hb7ov24atsd1.gif,milton,,2024-10-04 21:56,community_discussion
lqdajj3,t3_1fwacmx,t1_lqdae6u,florida,[deleted],2024-10-04T21:57:19+00:00,1,[removed],milton,,2024-10-04 21:57,community_discussion
lqdaoy6,t3_1fwacmx,t1_lqdabet,florida,Hot-Ocelot-1058,2024-10-04T21:58:15+00:00,20,I haven't seen those bastards in awhile tbh.  I remember I saw them all the time as a kid and teen.,milton,,2024-10-04 21:58,community_discussion
lqdaq4i,t3_1fwacmx,t3_1fwacmx,florida,Shaakti,2024-10-04T21:58:27+00:00,20,![gif](giphy|l4Ki2obCyAQS5WhFe),milton,,2024-10-04 21:58,community_discussion
lqdbmo5,t3_1fwacmx,t1_lqdaoy6,florida,General-Bumblebee-33,2024-10-04T22:04:03+00:00,8,Hernando County is inundated with love bugs twice a year. Just finished cleaning them off the front of my car.,milton,,2024-10-04 22:04,community_discussion
lqdbz47,t3_1fw37e1,t1_lqd07nf,florida,SexDrugsNskittles,2024-10-04T22:06:12+00:00,4,The amount of cognitive dissonance it takes to pretend like racism isn't prevelant in US law enforcement.,milton,,2024-10-04 22:06,community_discussion
lqdc00s,t3_1fw37e1,t1_lqd3klr,florida,Charming-Loan-1924,2024-10-04T22:06:22+00:00,4,"I’m just curious if you shoot someone with a flare gun, would it shut them on fire?",milton,,2024-10-04 22:06,community_discussion
lqdd9f0,t3_1fw22n9,t3_1fw22n9,florida,torukmakto4,2024-10-04T22:14:19+00:00,2,"Can't comment on here specifically, but the beach I go to (which is Atlantic and north of the Cape) **always** has a purple flag up. And a red one, too, incidentally. I have never seen either come down... Been there on days I never saw a single old washed up jellyfish, and days where the sea was about flat as a lake, and yet still: American flag, red flag, purple flag.

I don't think it being overzealous that way can be ruled out. And in the end, it's the ocean, sharks and jellyfish are present and that is okay.",milton,,2024-10-04 22:14,community_discussion
lqddfmn,t3_1fw37e1,t1_lqcu6w0,florida,ginger_kitty97,2024-10-04T22:15:23+00:00,0,This is America,milton,,2024-10-04 22:15,community_discussion
lqddg0m,t3_1fwacmx,t3_1fwacmx,florida,UpvoteForLuck,2024-10-04T22:15:27+00:00,5,"This has been on the NHC map since Helene made landfall. It’s not new, and the models sometimes develop it into a storm, and sometimes they don’t. They also aren’t in agreement about where that storm would go, and its intensity. Just chill out and keep watching. Instead of getting your hurricane news from ‘the news’ just check the NHC every couple of days during hurricane season, and look at websites like [Tropical Tidbits](https://tropicaltidbits.com), and [Mike’s Weather Page](https://spaghettimodels.com), and r/tropicalweather

Learn to play with the models, if you want. Checking NHC only takes a few seconds of your day.",milton,hurricane|storm|weather,2024-10-04 22:15,community_discussion
lqddntg,t3_1fwacmx,t3_1fwacmx,florida,ChemicalNetwork9972,2024-10-04T22:16:49+00:00,6,It's been doing that for a while now. More than likely just some disorganized rain storms hitting south Florida. Keep an eye on it but no reason to panic.,milton,,2024-10-04 22:16,community_discussion
lqddqrl,t3_1fwacmx,t1_lqd9lv7,florida,Orcus424,2024-10-04T22:17:20+00:00,7,We did have at least 4 weeks of Spring at one point but not so much any more.,milton,,2024-10-04 22:17,community_discussion
lqddtd8,t3_1fwacmx,t3_1fwacmx,florida,Vegetable-Source6556,2024-10-04T22:17:47+00:00,67,1 model has a hurricane... track looking potentially us... please no,milton,hurricane,2024-10-04 22:17,community_discussion
lqddzdi,t3_1fw37e1,t3_1fw37e1,florida,QuillTheQueer,2024-10-04T22:18:49+00:00,1,"Yup.  The discretion is entire up to the officer you encounter.  

Just imagine you took a nap at a park and one of the people in the area report you as a homeless person sleeping.

These laws hurt us all and also are the least cost-effective way of dealing with our unhouse neighbors.",milton,,2024-10-04 22:18,community_discussion
lqddzfe,t3_1fwacmx,t3_1fwacmx,florida,dikkiesmalls,2024-10-04T22:18:50+00:00,42,Dennis Phillips on the bookfaces. Twice a day updates on all the things. Good guy.,milton,,2024-10-04 22:18,community_discussion
lqdfoy2,t3_1fwacmx,t1_lqddtd8,florida,SwingLifeAway93,2024-10-04T22:29:43+00:00,47,Won’t be powerful but the rain is the worst part and it’s showing a lot.,milton,,2024-10-04 22:29,community_discussion
lqdfqvb,t3_1fwacmx,t1_lqddntg,florida,SwingLifeAway93,2024-10-04T22:30:04+00:00,11,Models are all getting consistent. It’s something to watch.,milton,,2024-10-04 22:30,community_discussion
lqdfxzm,t3_1fwacmx,t3_1fwacmx,florida,rockstarrugger48,2024-10-04T22:31:20+00:00,5,"Not going to be a hurricane, but definitly some rain and a little.  Source: Jim cantore",milton,hurricane,2024-10-04 22:31,community_discussion
lqdg635,t3_1fwacmx,t3_1fwacmx,florida,Nonplussed1,2024-10-04T22:32:47+00:00,15,![gif](giphy|Xjo8pbrphfVuw|downsized),milton,,2024-10-04 22:32,community_discussion
lqdga1a,t3_1fwacmx,t3_1fwacmx,florida,PoopPant73,2024-10-04T22:33:29+00:00,4,Uh-oh 😬,milton,,2024-10-04 22:33,community_discussion
lqdgpdy,t3_1fw37e1,t1_lqc3ww7,florida,Grouchy-Stand-4570,2024-10-04T22:36:13+00:00,1,Well I’m California it’s illegal to be homeless so 🤷🏽‍♀️,milton,,2024-10-04 22:36,community_discussion
lqdgv9q,t3_1fw37e1,t1_lqbnl66,florida,[deleted],2024-10-04T22:37:16+00:00,1,[removed],milton,,2024-10-04 22:37,community_discussion
lqdgvya,t3_1fwacmx,t1_lqd8ja5,florida,Glockter77,2024-10-04T22:37:24+00:00,11,"Yeah but you can control when you take vacation, you can’t control when you have a birthday",milton,,2024-10-04 22:37,community_discussion
lqdhsgx,t3_1fwacmx,t1_lqdaoy6,florida,CptKillJack,2024-10-04T22:43:11+00:00,2,This is the worst season of Love bugs I have seen since 2019.,milton,,2024-10-04 22:43,community_discussion
lqdhtlj,t3_1fwacmx,t1_lqd9lv7,florida,wooksGotRabies,2024-10-04T22:43:23+00:00,54,1 month of winter??? More like a day or 3 of 50 degrees at 4am and a high of 85 with maybe another chilly day here or there,milton,,2024-10-04 22:43,community_discussion
lqdi55s,t3_1fwacmx,t1_lqdhtlj,florida,steroid57,2024-10-04T22:45:27+00:00,6,10000000% this,milton,,2024-10-04 22:45,community_discussion
lqdi77b,t3_1fwacmx,t3_1fwacmx,florida,TomSter72,2024-10-04T22:45:49+00:00,4,🙄………………..Nooooooooooo……………😭,milton,,2024-10-04 22:45,community_discussion
lqdibos,t3_1fwacmx,t1_lqdfoy2,florida,Vegetable-Source6556,2024-10-04T22:46:36+00:00,21,We're Fort Myers...possibly Cat 1.. not good,milton,,2024-10-04 22:46,community_discussion
lqdiz2s,t3_1fwacmx,t1_lqd9lv7,florida,Pmang6,2024-10-04T22:50:52+00:00,9,"I don't know why people say this, November through March is pretty nice. Literally millions of people flock to the state during those months purely because of how good the weather is. Maybe people just think winter = snow and heavy jackets? By that logic, like a quarter of the US does not have winter, probably more if you go by population.",milton,weather,2024-10-04 22:50,community_discussion
lqdj1c7,t3_1fwacmx,t3_1fwacmx,florida,pookamatic,2024-10-04T22:51:17+00:00,2,I think there’s a lot of visibility and coverage of this due to Helene. Could be big. Could be nothing. Maybe somewhere in between. My point is: monitor NHC and react accordingly. No need to assume the speculative worst case scenarios the media wants you to be hooked onto.,milton,,2024-10-04 22:51,community_discussion
lqdjs9o,t3_1fwacmx,t3_1fwacmx,florida,why0me,2024-10-04T22:56:08+00:00,3,We're fine unless Jim Cantore comes back,milton,,2024-10-04 22:56,community_discussion
lqdjt3f,t3_1fwacmx,t3_1fwacmx,florida,snakercakes,2024-10-04T22:56:17+00:00,1,Working outside on Longboat Key all week. Fucking yay.,milton,,2024-10-04 22:56,community_discussion
lqdjx7r,t3_1fwacmx,t3_1fwacmx,florida,TheBurningSack,2024-10-04T22:57:02+00:00,4,It’s hotter than a dog’s mouth up here in the panhandle,milton,,2024-10-04 22:57,community_discussion
lqdjywm,t3_1fwacmx,t1_lqdhtlj,florida,BKallDAY24,2024-10-04T22:57:20+00:00,26,"Yeah, but I still can’t wait for those three days",milton,,2024-10-04 22:57,community_discussion
lqdk3my,t3_1fw37e1,t3_1fw37e1,florida,Live-Cryptographer11,2024-10-04T22:58:12+00:00,1,I hope you doing your nap in a running car with ac.  Otherwise you’re nuts.,milton,,2024-10-04 22:58,community_discussion
lqdk9qi,t3_1fwacmx,t1_lqdibos,florida,EuropeanModel,2024-10-04T22:59:17+00:00,-17,Cat 1 is nothing to worry about.,milton,,2024-10-04 22:59,community_discussion
lqdkq97,t3_1fw37e1,t3_1fw37e1,florida,Kasperdaghostman,2024-10-04T23:02:15+00:00,1,"Some cities have ordinances against it, like Lake Eola you can’t be horizontal in public, cuz too many homeless ruining the view. But that just means you’ll be asked to not do it at worst. If you’re asked and cooperate, then you won’t be arrested",milton,,2024-10-04 23:02,community_discussion
lqdkwgc,t3_1fw37e1,t1_lqdc00s,florida,Kasperdaghostman,2024-10-04T23:03:23+00:00,8,"If they have flammable clothing, yes. If not it’ll still leave a nasty burn",milton,,2024-10-04 23:03,community_discussion
lqdkwmh,t3_1fwacmx,t3_1fwacmx,florida,nvn2074,2024-10-04T23:03:25+00:00,-3,Whatever starts there will escalate to cat 3 by the time it comes to kiss Florida. Looks like coming for Tampa area this time!,milton,,2024-10-04 23:03,community_discussion
lqdl06n,t3_1fwacmx,t1_lqd9lv7,florida,Bertabird567,2024-10-04T23:04:03+00:00,27,And every year less winter. No use for my nice jackets and sweaters last year. October . I went out today and that sun was BURNING on my back,milton,,2024-10-04 23:04,community_discussion
lqdm1f0,t3_1fwacmx,t3_1fwacmx,florida,_aesahaettr_,2024-10-04T23:10:48+00:00,65,"Listen, you let em shenan once, you best bet they’re gonna shenanigan.",milton,,2024-10-04 23:10,community_discussion
lqdm536,t3_1fw85r2,t3_1fw85r2,florida,BikerJedi,2024-10-04T23:11:28+00:00,1,I try to buy only farm raised anyway because of all the oil spills in the Gulf over my lifetime.,milton,,2024-10-04 23:11,community_discussion
lqdm5da,t3_1fw37e1,t3_1fw37e1,florida,616abc517,2024-10-04T23:11:31+00:00,1,democracy doesn't exist in Florida,milton,,2024-10-04 23:11,community_discussion
lqdm5nv,t3_1fwacmx,t3_1fwacmx,florida,pasafe,2024-10-04T23:11:34+00:00,17,"According to [windy.com](http://windy.com) it will impact the west coast area weds morning. 

https://preview.redd.it/5vatvnzbntsd1.jpeg?width=1028&format=pjpg&auto=webp&s=8e5c3e5f8771732e7d8d7d039228cfabe357ef0f",milton,,2024-10-04 23:11,community_discussion
lqdm7hr,t3_1fw37e1,t1_lqc3xti,florida,mfigroid,2024-10-04T23:11:53+00:00,9,"> I invited them to search me

Stop doing that.",milton,,2024-10-04 23:11,community_discussion
lqdm8ce,t3_1fwacmx,t1_lqdhtlj,florida,Mostly_Cookie,2024-10-04T23:12:02+00:00,1,fr😭😭😭😭,milton,,2024-10-04 23:12,community_discussion
lqdmgfk,t3_1fwacmx,t1_lqdgvya,florida,MusicHitsImFine,2024-10-04T23:13:31+00:00,7,"Sure you can, just celebrate at a different time. It's just a day.",milton,,2024-10-04 23:13,community_discussion
lqdmj80,t3_1fwacmx,t1_lqddntg,florida,savagesmurf,2024-10-04T23:14:02+00:00,2,Updated models are saying disorganized rain to hurricane. Obviously still need to wait and see what develops.,milton,hurricane,2024-10-04 23:14,community_discussion
lqdmqzv,t3_1fwacmx,t1_lqdjywm,florida,Mostly_Cookie,2024-10-04T23:15:26+00:00,8,Same🥰,milton,,2024-10-04 23:15,community_discussion
lqdn0w0,t3_1fwacmx,t3_1fwacmx,florida,Toothfairy51,2024-10-04T23:17:13+00:00,14,We're right in the middle of hurricane season. I'm sure there's more to come.,milton,hurricane,2024-10-04 23:17,community_discussion
lqdn4gf,t3_1fw37e1,t3_1fw37e1,florida,Dozzer63,2024-10-04T23:17:52+00:00,1,"Can you say .....lawsuit,???",milton,,2024-10-04 23:17,community_discussion
lqdndzk,t3_1fwacmx,t1_lqdae6u,florida,Wild-Range5433,2024-10-04T23:19:37+00:00,52,Air you can wear!,milton,,2024-10-04 23:19,community_discussion
lqdnth2,t3_1fwcsfq,t3_1fwcsfq,florida,AutoModerator,2024-10-04T23:22:25+00:00,1,"
Please note that only active users in the subreddit may comment in this discussion. If your comments are not showing up, please ensure you have active non-news/non-political contributions to the subreddit before contacting the moderators.

 [See our posting guidelines for more information.](https://www.reddit.com/r/florida/wiki/index/political_guidelines/)

**Remember the following:**

**Be Civil:**

* You are welcome to debate, discussion, and argue ideas, but don't resort to personal attacks on other users. 
* We do not allow any form of hate speech or any suggestion/support of harm, violence, or death.

**Must be related strictly to Florida:**

* National News/Elections are not specific to Florida. 
* Just because someone lives in Florida, doesn't mean their entire life is relevant to Floridians. 

If you see comments in violation of our rules, please report them.

#[Click this link to register to vote, update your voter information, or check your status.](https://registertovoteflorida.gov/)


*I am a bot, and this action was performed automatically. Please [contact the moderators of this subreddit](/message/compose/?to=/r/florida) if you have any questions or concerns.*",milton,,2024-10-04 23:22,community_discussion
lqdokag,t3_1fwacmx,t3_1fwacmx,florida,manthony08090809,2024-10-04T23:27:17+00:00,79,This blob has been blobbin for like 2 weeks...,milton,,2024-10-04 23:27,community_discussion
lqdomcv,t3_1fw37e1,t1_lqc2ffm,florida,angryitguyonreddit,2024-10-04T23:27:40+00:00,-1,Yea of your not white and your pockets are empty they can arrest you to cause you need to be able to prove your a citizen at all times in Florida,milton,,2024-10-04 23:27,community_discussion
lqdos8y,t3_1fvvpj1,t3_1fvvpj1,florida,howardzen12,2024-10-04T23:28:45+00:00,6,Everything in America is broken.Especially in Florida.,milton,,2024-10-04 23:28,community_discussion
lqdpyb8,t3_1fwcsfq,t3_1fwcsfq,florida,bradadams5000,2024-10-04T23:36:30+00:00,1,"I need more context here
 I remember some kind of controversy over funding but not exactly what",milton,,2024-10-04 23:36,community_discussion
lqdq0e9,t3_1fwacmx,t1_lqdokag,florida,oripeiwei,2024-10-04T23:36:53+00:00,10,"But this blob is becoming more of a potential issue blob, not like the blob of 2 weeks ago.",milton,,2024-10-04 23:36,community_discussion
lqdq3mh,t3_1fwacmx,t3_1fwacmx,florida,Luxemode,2024-10-04T23:37:29+00:00,9,I don’t know if I’m allowed to say this but honestly…fuck off ocean!  I’ve had enough.,milton,,2024-10-04 23:37,community_discussion
lqdq80r,t3_1fwacmx,t1_lqdae6u,florida,Bear_necessities96,2024-10-04T23:38:17+00:00,34,Does iguana falling counts as fall?,milton,,2024-10-04 23:38,community_discussion
lqdqtl3,t3_1fwcsfq,t3_1fwcsfq,florida,[deleted],2024-10-04T23:42:17+00:00,1,[removed],milton,,2024-10-04 23:42,community_discussion
lqdr3uq,t3_1fwacmx,t1_lqdfoy2,florida,DoGoodLiveWell,2024-10-04T23:44:11+00:00,3,"This. Rain is guaranteed, will suck.",milton,,2024-10-04 23:44,community_discussion
lqdrnop,t3_1fw85r2,t3_1fw85r2,florida,BackOff2023,2024-10-04T23:47:51+00:00,1,"Good question, God knows what's been washed into the Gulf.",milton,,2024-10-04 23:47,community_discussion
lqdrrin,t3_1fwcsfq,t3_1fwcsfq,florida,florida-ModTeam,2024-10-04T23:48:33+00:00,1,"This submission has been removed:

**4. News/Politics - Please Follow Our Guidelines**

- Use a Reputable Source - Social Media is NOT considered a source
- Refrain from Crossposting
- No screenshots/videos/etc.
- No Political Memes

Please see our [Politics Posting Guidelines](
https://reddit.com/r/florida/w/index/political_guidelines) for more information. 

If you believe we made a mistake, please [message the moderators](https://www.reddit.com/message/compose?to=/r/florida)",milton,,2024-10-04 23:48,community_discussion
lqds0cx,t3_1fw37e1,t3_1fw37e1,florida,Stoned_Crab,2024-10-04T23:50:11+00:00,1,"Throw away the key, lazy Lima bean 🫘",milton,,2024-10-04 23:50,community_discussion
lqds9rf,t3_1fwacmx,t3_1fwacmx,florida,pizzaunknown,2024-10-04T23:51:56+00:00,6,Up to 70% now,milton,,2024-10-04 23:51,community_discussion
lqdsmd6,t3_1fwacmx,t3_1fwacmx,florida,Fun-Sea7626,2024-10-04T23:54:18+00:00,1,"And, nothing new welcome to Florida.",milton,,2024-10-04 23:54,community_discussion
lqdsyeg,t3_1fwacmx,t3_1fwacmx,florida,RedditVortex,2024-10-04T23:56:33+00:00,2,"Here is the weather update I received from the local meteorologist…

SYNOPSIS

This morning, the situation in the Gulf of Mexico is evolving, with the greatest potential for impacts—particularly rainfall—expected to be mainly south of our area or over our southernmost locations. However, some models, particularly the GFS and ECMWF ensemble runs, are beginning to show stronger and more northward trends. This is something we will need to monitor closely over the weekend.

Currently, the highest likelihood for local heavy rainfall is anticipated to extend from Brunswick, GA, southwest to Live Oak, FL, primarily associated with a developing local northeaster rather than the tropical system.

OVERVIEW

The National Hurricane Center (NHC) has increased the potential for tropical cyclone development in the Gulf of Mexico over the next seven days at 40 percent.

This system is now projected to develop over the Bay of Campeche or the SE Gulf and then drift northward over the Gulf of Mexico through the weekend.

A track toward the Florida peninsula is likely, possibly as early as Monday for a weaker system but more likely sometime next week, and some potential tracks are now stronger and further north than yesterday. 

If this system poses a threat to our area of responsibility, we anticipate that the earliest widespread heavy rainfall could occur on Monday, with a higher likelihood mid to late week.  

In addition to the potential tropical system, a surface trough across the region, coupled with a northeasterly flow developing from our north, will contribute to wet conditions across Florida and extreme South Georgia over the next seven days. The graphic below depicts general rainfall totals through Sunday, October 13th, with locally higher amounts expected in thunderstorms.  

POTENTIAL IMPACTS

While it is still too early to determine specific potential wind and other impacts, as the influx of tropical moisture is expected to increase local rainfall chances over Florida and extreme south Georgia throughout next week.",milton,hurricane|weather,2024-10-04 23:56,community_discussion
lqdtfhr,t3_1fwacmx,t1_lqdfxzm,florida,melikeybacon,2024-10-04T23:59:44+00:00,4,There’s a strong possibility it’ll be a CAT1,milton,,2024-10-04 23:59,community_discussion
