id,subreddit,author,created_utc,num_comments,title,selftext,score,hurricane,keyword_hit,created_date,source_type
1fvmjm4,florida,Acrobatic-Bar-9045,2024-10-04T00:25:29+00:00,1,The Mystery Behind The Death of Powerboat Racing Champion Don Aronow,,0,milton,,2024-10-04 00:25,community_discussion
1fvpw2j,florida,CompetitionEastern44,2024-10-04T03:22:59+00:00,6,Should I go to Florida next week? Is it safe?,My friends and I have planned a trip to Miami next week but not sure if we should proceed looking at the weather!! Would love some feedback.,0,milton,weather,2024-10-04 03:22,community_discussion
1fvvpj1,florida,Urmomsjuicyvagina,2024-10-04T10:13:26+00:00,15,Hurricane Helene Shows How Broken the US Insurance System Is,,244,milton,hurricane,2024-10-04 10:13,community_discussion
1fw22n9,florida,Fuchsiann,2024-10-04T15:34:46+00:00,31,Miramar beach,"Weathers been so nice this whole week! Sad about the rain, had plans to go parasailing for the first time, I have a quick question though my friend lives here and she tells me the purple flag is almost always up even if their isn’t much sea life to worry about, is that true? Thanks :) !",47,milton,,2024-10-04 15:34,community_discussion
1fw2s7u,florida,peterst28,2024-10-04T16:04:45+00:00,1,Hurricane Helene Scam Alert!,"**Got this email from my Congressman:**

As despicable as it sounds, scam artists and criminals are already hard at work attempting to take advantage of individuals in the wake of Hurricane Helene.   
  
These loathsome individuals often prey on storm victims who are seeking assistance though identity theft, fraud, price gouging phone calls and even showing up at your door claiming they want to help.   
  
In certain circumstances, thieves apply for FEMA assistance using names, addresses and Social Security numbers they have stolen from people affected by storms.   
  
Please see below for some helpful information on how to help protect you and your family from these scams and stay informed.

  
Vern

**Residents Warned to Beware of Fraud and Scams After Hurricane Helene**

Hillsborough County is warning residents to beware of fraud and scams after Hurricane Helene. Following a disaster, qualified contractors are usually in high demand and booked up for months. Scammers or unqualified out-of-state workers may flood in to take advantage of Floridians in need of expert service.  
  
The Florida Department of Financial Services is warning residents not to succumb to high pressure sales from people who show up at your doorstep wanting to help. This includes not conducting any business by paying cash and not signing any paperwork from unqualified workers. If it sounds too good to be true, it usually is. Your first call should be to your insurance agent, insurance carrier or The Florida Department of Financial Services at 1-877-MY-FL-CFO (1-877-693-5236).  
  
**If property is damaged from the storm, the Florida Attorney General’s Office offers these tips when hiring a contractor:**  


* **Insurance evaluation** - Ensure repair work will be covered under your insurance policy. Have an insurance company evaluate damage before arranging repairs.
* **Estimates** – Obtain at least three written, itemized estimates on bids or repairs
* **Bogus offers** - Watch out for unsolicited offers or contractors claiming to perform repairs at a discount with leftover supplies from another job
* **Do your research** – To check on a company’s reputation, look for references online or ask a friend. Also check to see if a company is properly licensed, insured, and if there are any consumer complaints filed against a licensed contractor at [MyFloridaLicense.com](http://MyFloridaLicense.com) or by calling the Florida Attorney General’s Office at (866) 9NO-SCAM.
* **Bonded** - Make sure a contractor is bonded and verified with a bonding agency
* **Read the fine print** – Although it may be daunting, read the entire contract before signing to ensure it includes the required buyer’s right to cancel language. Understand penalties that may be imposed for cancellation.
* **Liens** - Insist on releases of any liens that could be placed on the property from all subcontractors prior to making final payments. Homeowners may unknowingly have liens placed against their properties by suppliers or subcontractors who have not been paid by the contractor. If the contractor fails to pay them, the liens will remain on the title.
* **Deposits and final payment** - Never pay the full amount of a repair expense upfront and be wary before providing large deposits. Do not sign a certificate of completion or make final payment until satisfied with the work performed.

Individuals and businesses looking to contribute to storm relief efforts should be cautious of imposter GoFundMe style crowdfunding websites and charity scams. Hillsborough County residents can donate to the Hillsborough County Disaster Relief Fund or Florida Disaster Fund.  
  
**The Federal Trade Commission offers these tips to avoid charity scams:**  


* **Don’t rush** – Take your time, don’t let anyone rush you into making a donation
* **Beware of Thank You’s** - Some scammers try to trick you into paying them by thanking you for a donation that you never made
* **Fake caller ID numbers** - Scammers can change caller ID numbers to make a call look like it’s from a local area code
* **Use credit cards or checks** - If someone wants donations in cash, by gift card, or by wiring money, don’t do it. To be safer, pay by credit card or check.
* **Keep good records** - It’s a good practice to keep a record of all donations and review your statements closely to make sure you’re only charged the amount you agreed to donate – and that you’re not signed up to make a recurring donation
* **Know the recipient** - Before clicking on a link to donate online, make sure you know who is receiving your donation. Read Donating Through Crowdfunding, Social Media, and Fundraising Platforms for more information.

**The Federal Emergency Management Agency gives the following tips to avoid scams, protect your identity and stay informed:**  


* **No fees** - FEMA, the Department of Homeland Security, and the Small Business Administration and other federal agencies will never charge you for disaster assistance.
* **Identification** - Always ask to see identification. FEMA personnel will always have an official ID badge. Do not offer any personal information unless you are speaking with a verified FEMA representative.
* **Trusted sources** - Stay tuned to trusted local media for updates from your local officials on disaster fraud and scams.
* **FEMA** - Contact FEMA’s Investigations and Inspections Division by email at [StopFEMAFraud@fema.dhs.gov](mailto:StopFEMAFraud@fema.dhs.gov) or call (866) 223-0814 or by mail at 400 C Street SW, Suite 7SW-1009, Mail Stop 3005, Washington, D.C., 20472-3005.
* **Consumer protection** - Contact your state consumer protection offices.
* **Report misconduct** - Report corruption, fraud, waste, abuse, mismanagement, or misconduct to DHS Office of the Inspector General or file a complaint with the National Center for Disaster Fraud.
* **Identity theft** - Visit [IdentityTheft.gov](http://IdentityTheft.gov) to report and recover from identify theft.

**Form to Self-Report Damage Will Launch Sept. 28**  
The self-reporting form for residents and nonprofit organizations who sustained property damage during Hurricane Helene will be available at [HCFL.gov/DamageAssessment](http://HCFL.gov/DamageAssessment) on Saturday, Sept. 28. This form helps Hillsborough County evaluate the scope of damage to property in the area. Residents and nonprofit organizations, including houses of worship and agricultural/aquacultural entities, are encouraged to complete the form.  
  
**Get Connected. Stay Alert.**    
Make sure to have a plan. Residents and visitors are encouraged to register for HCFL Alert, Hillsborough County's official public notification system for emergency and urgent alerts. To receive messages by email, phone, and text, go to HCFL.gov/StaySafe. Residents without digital access are encouraged to call (833) HC STORM or (833) 427-8676, the County's storm information line, from 7 a.m. to 7 p.m.

As despicable as it sounds, scam artists and criminals are already hard at work attempting to take advantage of individuals in the wake of Hurricane Helene.   
  
These loathsome individuals often prey on storm victims who are seeking assistance though identity theft, fraud, price gouging phone calls and even showing up at your door claiming they want to help.   
  
In certain circumstances, thieves apply for FEMA assistance using names, addresses and Social Security numbers they have stolen from people affected by storms.   
  
Please see below for some helpful information on how to help protect you and your family from these scams and stay informed.

Vern ",5,milton,hurricane|storm|flood|fema,2024-10-04 16:04,community_discussion
1fw37e1,florida,garak_ds9,2024-10-04T16:22:11+00:00,184,Can I be arrested for taking a nap in public park?,"With the HB 1365 now in effect, could I possibly be arrested for falling asleep in the park during my lunch break? I sometimes take my lunch break in the local park, and will take a quick power nap. I work outdoors, so my clothes might get mistaken for a homeless person's.  I'm on parole and worry that new law might land me back in jail.",314,milton,power,2024-10-04 16:22,community_discussion
1fw85r2,florida,calmdownpaco,2024-10-04T19:53:04+00:00,4,"I'm not very informed on this, would fresh seafood be safe to eat after the hurricane?",Or are there contamination concerns? Would some deep sea fish be okay instead?,0,milton,hurricane,2024-10-04 19:53,community_discussion
1fw8gcv,florida,h20poIo,2024-10-04T20:05:41+00:00,1,Full List of Republicans Who Voted Against FEMA Funding Before Helene Hit,,1,milton,fema,2024-10-04 20:05,community_discussion
1fwacmx,florida,oripeiwei,2024-10-04T21:29:00+00:00,175,Frickin gulf doing gulf things again ,"I’m not trying to fear monger, and I know people get shit for posting the weather on here, but I saw this on the news today. The west coast of Florida is having a go this year. Hopefully it’s just some showers, and not a fully formed system, but with Helene not too far in our rearview, it may lead to some more flooding. Anyway, stay safe out there folks! ",722,milton,weather,2024-10-04 21:29,community_discussion
1fwalm7,florida,ControlCAD,2024-10-04T21:39:58+00:00,1,Florida's Biggest Insurer Cuts Over 600K Policies After Hurricane Helene,,1,milton,hurricane,2024-10-04 21:39,community_discussion
1fwcsfq,florida,DcPunk,2024-10-04T23:22:25+00:00,4,Reminder when you cast your vote: Who voted against FEMA funding,,29,milton,fema,2024-10-04 23:22,community_discussion
