id,platform,type,text,label_jose,gratitude_jose,label_angelo,gratitude_angelo,label_consensus,gratitude_consensus,label_agree,gratitude_agree
lqp7qhd,reddit,comment,"Maria , that’s the storm that sat right? I felt so bad",neutral,0,neutral,0,neutral,0,1,1
lr0u7xu,whitehouse,comment,"Probably because of the sheer volume of misinformation. There's been several posts ***today*** on r/all about tweets and other social media posts ranging from posting about killing FEMA agents to reinterating land grab claims among other things.

It's first post was also 6 hours ago and if the account runner has regular hours they got about 3 hours of work among who knows how many other higher-engagement activities they had.",neutral,0,neutral,0,neutral,0,1,1
loroboa,reddit,comment,I usually yell hootie hoo at the storm and it goes away,neutral,0,neutral,0,neutral,0,1,1
lqy6t8g,reddit,comment,Because it didn't really hit. We had winds about 40mph with rain and some gusts. The power has been off for about 10hrs but I am not sure why as there are no trees down around here and the state are keeping us on red alert whilst they sweep up the leaves.  The sad thing is that the poor people working in the informal economy have lost another day's wage,negative,0,negative,0,negative,0,1,1
lquwz5b,reddit,comment,Oh so you can also predict the future,negative,0,negative,0,negative,0,1,1
lp4iurz,reddit,comment,Cedar Key has pretty consistently been around a population of 700 for decades.,neutral,0,neutral,0,neutral,0,1,1
phi_mil_65_c089,facebook,comment,"that was my question, too.",neutral,0,neutral,0,neutral,0,1,1
loy9afn,reddit,comment,"They won’t let your plane depart if it isn’t safe to land in Jax.

I bet you make it, low impact expected",neutral,0,neutral,0,neutral,0,1,1
loyd95d,reddit,comment,"Yes, that’s normal- do you have a vapor barrier? Any plastic?",neutral,0,neutral,0,neutral,0,1,1
lqt6q1z,reddit,comment,The New Hurricane: Gulf of Mexico incubator and delivery,neutral,0,neutral,0,neutral,0,1,1
phi_deb_Aug2_6_c159,facebook,comment,are you serious?,neutral,0,neutral,0,neutral,0,1,1
lp7tz3a,reddit,comment,Nope they were in the exact path of the storm. Zone 2A by the water,neutral,0,neutral,0,neutral,0,1,1
lr804jl,whitehouse,comment,This can't be true Reddit is saying everything is perfect and the government has solved everything.,negative,0,negative,0,negative,0,1,1
phi_mil_65_c033,facebook,comment,sustained by the eye,neutral,0,neutral,0,neutral,0,1,1
1fxnn2u,reddit,post,"Dealing with mis/disinformation  My MAGA father is unshakable in his belief that FEMA and the federal government are in cahoots to kill as many (white, republican) people as possible in NC and surrounding states. He alleges that they’re denying aid to people, lying about the numbers of dead, and he’s further outraged that FEMA is (allegedly) broke because they gave all their money to migrants. 

To prove this, he sends me X links of people “on the ground” in the disaster area making all sorts of horrible claims that they’ve been abandoned and are being thwarted in their efforts to help. 

How do I get him to reconcile what he’s seeing vs what’s actually happening? Who are these random people and why are they making these claims? I need serious help with this. Millions of people are actively sharing this information and have already made up their minds that a cull is happening.",negative,0,negative,0,negative,0,1,1
loq773j,reddit,comment,"My local met said yesterday we'd know where the center is between 12 and 2 today and I'm getting antsy not having that ""true"" center yet!!",negative,0,negative,0,negative,0,1,1
lqy9xs7,reddit,comment,Maybe they hope to avoid traffic. And if they have a close place to drive it may be doable if they get on the road early tomorrow. But I personally would have left today after hunkering down and getting insurance videos and pictures of my house.,neutral,0,neutral,0,neutral,0,1,1
lr4ps7x,whitehouse,comment,Thank you for helping Americans and putting out this message here.,positive,1,positive,1,positive,1,1,1
phi_mil_61_c174,facebook,comment,same. We moved to pa a few years ago. Born n raised in pinellas and never had this happened never. My parents are in st pete but going to a cat 5 bunker at daddy's job. N yes you're correct about tgh but I think they did the evacuating for them!!! My granddaughter n her mom love 1.5 miles from Indian rocks Beach. Ugh.. we are going there Monday after storm passes and allowed in to see if home in st pete is still there for my parents. I'm just sick over this my anxiety is at a 1000%. Trying to get them ready for all this while in pa has been a whirlwind to say the least. Lord have mercy on Florida,negative,0,negative,0,negative,0,1,1
phi_deb_Aug4_6_c154,facebook,comment,completely get that.. only time I worry is if im in the direct path of it,neutral,0,neutral,0,neutral,0,1,1
lr4d5l6,whitehouse,comment,I was STUNNED when he sent that out! He just pissed off about 95% of his voting bloc!,negative,0,negative,0,negative,0,1,1
phi_deb_Aug4_11_c028,facebook,comment,Stay safe! 💜,neutral,0,neutral,0,neutral,0,1,1
phi_mil_26_c195,facebook,comment,Yikes.. Denis get some rest.. this is gonna be a long 3 days while this creeps on us,negative,0,negative,0,negative,0,1,1
phi_mil_45_c094,facebook,comment,Here in Florida on vacation and staying in Kissimmee. Does anyhow know how it may affect this area?,neutral,0,neutral,0,neutral,0,1,1
loy2j66,reddit,comment,You've died from Wook Flu!,neutral,0,neutral,0,neutral,0,1,1
lomem6k,reddit,comment,"im not near the coast im about 2 hours from the Georgia-Florida border. closer to Valdosta, GA. but seeing at how the trajectory so far is, the center is so close to valdosta",neutral,0,neutral,0,neutral,0,1,1
phi_mil_44_c084,facebook,comment,us too,neutral,0,neutral,0,neutral,0,1,1
lfu2iu6,reddit,comment,I guess that’s one way to get back an everyone who rightfully laughed at you for drawing an hurricane path in sharpie and then insisting that’s where the hurricane was headed.,negative,0,negative,0,negative,0,1,1
phi_hel_49_c041,facebook,comment,I'm currently in orlando and not sure of much of the areas can you tell me is this going to affect us? I just seen volcano bay is closing we're also meant to travel to tampa on Friday lunchtime to catch our flight back home,neutral,0,neutral,0,neutral,0,1,1
phi_deb_July31_5_c096,facebook,comment,no. Dillards junior dept. lol.,neutral,0,neutral,0,neutral,0,1,1
phi_hel_47_c189,facebook,comment,"the way I feel in these situations is it’s up to the person to always make diligent decisions for the benefit of their household & not wait for local authorities. If I know I live in a flood invested zone & I know I have a storm of this magnitude coming I’m not waiting around to be told I’ll make my preparations as needed. If finding a shelter is an issue I’d at least plan for the “last min message” get my travel bag in order, per tags, important docs, seal up my home, etc … so when the green light goes we just have to hop in and drive",neutral,0,neutral,0,neutral,0,1,1
lgio5pn,reddit,comment,"Destin, Florida getting very light showers from the westerly flow of Deb.  Just passing through, mainly sunny.  We’re 250 miles west (the good side) of potential landfall.",neutral,0,neutral,0,neutral,0,1,1
phi_mil_79_c115,facebook,comment,A big thank you to your husband and your family. The linemen are hurricane heroes.,positive,1,positive,1,positive,1,1,1
lp6gmw3,reddit,comment,yep my friend lost some trees and a fence,neutral,0,neutral,0,neutral,0,1,1
lqvyzc9,reddit,comment,"She’s literally your vice president. While I can agree that your job is important in a very small corner of the world, I’ll remind you that she’s coordinating efforts far beyond a dock. Have a great night. 👍🏼",negative,0,negative,0,negative,0,1,1
lg2kahk,reddit,comment,"What about a metric of total force, which would be wind speed times area of the hurricane-force wind field. The issue with water is storm surge cannot be measured until it happens, and varies significantly with local geography.",neutral,0,neutral,0,neutral,0,1,1
phi_mil_83_c195,facebook,comment,Boy I appreciate what they do but no way.,neutral,0,neutral,0,neutral,0,1,1
lr0b2zl,reddit,comment,"OMG!  I was a journeyman electrician on the P-3 Orion! Not this platform, but did get to walk through when it was at our facility for updates/routine inspections. I did not get to do any work on it.  I was on several other project P-3's, it is a great platform. 

Appreciate you posting this. Ah, the memories of tearing the guts out, building it back up and rewiring it. Watch her fly off with the pilot giving us the wing tip on the pass by was so cool!",positive,0,positive,0,positive,0,1,1
phi_mil_8_c073,facebook,comment,Its better for everyone to be safe then sorry. We all don't get second chances. If this Hurricane comes here and impacts us we all need to do whatever we can to stay safe. Hid Bless us all.,positive,0,positive,0,positive,0,1,1
phi_mil_98_c029,facebook,comment,"Thank you Denis. Your level of detailed information is the number one reason I follow you. And, of course, Rule #7! Thanks for keeping us all safe.",positive,1,positive,1,positive,1,1,1
phi_hel_40_c100,facebook,comment,"praying nowhere!! lol. Wishful thinking, and impossible and hate wishing it upon someone else. But yes!",positive,0,positive,0,positive,0,1,1
phi_mil_165_c063,facebook,comment,very wet,neutral,0,neutral,0,neutral,0,1,1
phi_mil_39_c032,facebook,comment,In all seriousness I hope everyone stays safe and listens. Get the heck out of the way of this storm especially if along the coast lines. My family and I along with all our pets will be leaving by tomorrow if it comes any further north. I am not playing with a cat 4-5 with my house only about 5miles from the coast…. God speed to everyone please be safe.,neutral,0,neutral,0,neutral,0,1,1
1fpj19k,reddit,post,"Anyone know what the ABC stores are closed? I just tried to go to an ABC store around 7:15 and it was closed,which I’ve never seen happen. I assume it might be storm related but I’m still surprised. Anybody know what’s going on?",neutral,0,neutral,0,neutral,0,1,1
lquj5hw,reddit,comment,"As long as you’re not in a mobile home, yeah stay. And try to stay in a part of your house that’s not right under a tree, an interior room",neutral,0,neutral,0,neutral,0,1,1
phi_hel_58_c178,facebook,comment,I am awY in NJ I am so glad i have you to give me an hints update,neutral,0,neutral,0,neutral,0,1,1
lqjj8b6,reddit,comment,"St Petersburg native here, panicking. 😳 Please  🙏🏼 God, not again!",negative,0,negative,0,negative,0,1,1
phi_mil_83_c024,facebook,comment,me too! I couldn’t even watch the whole video,negative,0,negative,0,negative,0,1,1
lqtbreh,reddit,comment,"Between this, Helene, and the upcoming storm the losses here will be in the billions.",negative,0,negative,0,negative,0,1,1
lr50mx5,reddit,comment,Ugh my family is in the middle of all of this tornado activity. They're stressed out of their minds right now. I feel so bad.,negative,0,negative,0,negative,0,1,1
phi_hel_54_c185,facebook,comment,What is the surge for St.Pete Beach?!,neutral,0,negative,0,,0,0,1
lquckdv,reddit,comment,"Is this real? Go get microwave rice, some canned meats (ew) or pre cooked frozen meat, etc, and some yogurt, premade oatmeal, etc.",neutral,0,neutral,0,neutral,0,1,1
lr2eu5k,reddit,comment,"Sure, I've been right so far however.",positive,0,neutral,0,,0,0,1
phi_mil_107_c119,facebook,comment,Tried to tell ya it was going north,neutral,0,neutral,0,neutral,0,1,1
1g021gg,reddit,post,"Why do weather reporters have to go on site? I've never understood this So they are showing the storm and the weather people are out there standing in it reporting

Obviously questions for me, where do they go when it hits and why must they put themselves in danger?

They do this for every major storm. I just don't understand why",neutral,0,neutral,0,neutral,0,1,1
1fye5cm,reddit,post,"Hurricane Milton trajectory  So I have just spent the last 30 mins looking for a hurricane that has followed the same path as hurricane milton. So far I haven’t found any. Are there any hurricanes that have started in the sw portion of the gulf and went eastward towards Tampa area? Seems like an odd path from what my memory serves. 
Maybe I’m not very good at searching lol",neutral,0,neutral,0,neutral,0,1,1
lr571e3,whitehouse,comment,"Disaster relief has never been as politicized as it has been this season. I hope more political leaders take this as a lesson to be more proactive with public information moving forward, instead of waiting to react against possible misinformation.",neutral,0,neutral,0,neutral,0,1,1
phi_hel_58_c057,facebook,comment,hi sweet girl! No sleep for me... my mind was too busy. I hope you're ok and safe,neutral,0,positive,0,,0,0,1
lqlizcr,reddit,comment,"That's actually entirely false. Hurricane strength and frequency has not changed at all. Not in any measurable or tangible way. 

""There is no strong evidence of century-scale increasing trends in U.S. landfalling hurricanes or major hurricanes.  Similarly for Atlantic basin-wide hurricane frequency (after adjusting for changing observing capabilities over time), there is not strong evidence for an increase since the late 1800s in hurricanes, major hurricanes, or the proportion of hurricanes that reach major hurricane intensity.""

""In summary, it is premature to conclude with high confidence that human-caused increases in greenhouse gases have caused a change in past Atlantic basin hurricane activity that is outside the range of natural variability""

https://www.gfdl.noaa.gov/global-warming-and-hurricanes/",neutral,0,neutral,0,neutral,0,1,1
1fz5vcv,reddit,post,"Floridians - Will you be leaving FL after all of these hurricanes? We have another Cat 4 or 5 hurricane coming at us again…west coast of FL (we don’t live on the coast).

We were hit in 2022 with Hurricane almost exactly 2 years ago. We STILL see debris all around us.

My question is, is living in FL worth it to you to deal with these outrageous Super storms? PS- I dislike the intense heat we experience here in SW FL, so there’s also that.

I’m just not sure anymore. My husband NEVER wants to leave, and I find sitting through a Cat 5 hurricane inside a boarded up house extremely anxiety producing.

I’m sure most Floridians are taking cover today, so most might not see this. I just want to engage with someone about it…maybe someone with a similar issue.",neutral,0,neutral,0,neutral,0,1,1
lqupm6j,reddit,comment,885.4 in the most recent bit of data.....,neutral,0,neutral,0,neutral,0,1,1
lp47020,reddit,comment,"Living south of Houston I have a base of supplies that gets checked quarterly.. Have to due to the lack of confidence in Texas electric & water infrastructure, plus hurricanes... During hurricane season, you should be checking at least 1-2 times a week for what's a week out..

Not everyone has the ability to keep supplies, but most should be able to check the weather if you're down here.. This isn't a new thing to be honest..",neutral,0,neutral,0,neutral,0,1,1
1fy9fia,reddit,post,"Where would you move to: Panhandle, Gainesville, or Fort Myers? (Not hurricane related) [removed]",neutral,0,neutral,0,neutral,0,1,1
lorn0ox,reddit,comment,"GFS 18z seems way behind, doesn’t have Helene deepening to 990mb until tomorrow at 8am.",neutral,0,neutral,0,neutral,0,1,1
lox17x9,reddit,comment,I actually saw a recommendation to make hard boiled eggs right before the storm hits because they’ll last for a little while without refrigeration and are good for snacks. I don’t eat eggs so I wouldn’t know.,neutral,0,neutral,0,neutral,0,1,1
lr1nk16,whitehouse,comment,Thank you for joining!,positive,1,positive,1,positive,1,1,1
lr285pn,whitehouse,comment,They'll be happy when the check for making those comments clears!,positive,0,positive,0,positive,0,1,1
loxsa9b,reddit,comment,They doing laps to pass the time?? ;-),neutral,0,positive,0,,0,0,1
lr3faeh,reddit,comment,"And yet, Biden says he’s been in contact and continues to be in contact with Desantis who is doing an excellent job. He’s also in contact governors in SC and others that were affected by Helene.",positive,0,neutral,0,,0,0,1
lr0951n,whitehouse,comment,"This submission has been flaired for News. Please remember to follow r/Georgia rules and sitewide rule when making submission and comments. If this post has been flaired ""News"" ensure that your title matches the headline of the linked article. Posts not aligned wit hthe news guidelines rules will be removed. Thanks!

*I am a bot, and this action was performed automatically. Please [contact the moderators of this subreddit](/message/compose/?to=/r/Georgia) if you have any questions or concerns.*",neutral,0,neutral,0,neutral,0,1,1
lqsx24s,reddit,comment,"Fear and bad information breeds chaos, our country has a detailed history of it. Wars and towns have been burned by it.",negative,0,neutral,0,,0,0,1
lrh3gz9,whitehouse,comment,FEMA denied my sister for the damage to her house because they require you to file on homeowners insurance but some peoples deductibles exceed the repair cost. They paid for the repair out of pocket. I told her to appeal. Should be an option like that included.,negative,0,neutral,0,,0,0,1
phi_deb_July31_6_c103,facebook,comment,Will this affect Destin and PCB the following weekend?,neutral,0,neutral,0,neutral,0,1,1
phi_hel_8_c094,facebook,comment,"I don’t know about the storm, but my nerves are starting to ramp up.",negative,0,negative,0,negative,0,1,1
phi_deb_Aug4_10_c074,facebook,comment,they are removable. This was before.,neutral,0,neutral,0,neutral,0,1,1
dee_hel_GregDee23_18,facebook,post,"The first advisory on Potential Tropical Cyclone #9 is out & there is a lot to note here. 
1.) Based on some of the spaghetti plots, the NHC is definitely a bit east of the models (closer to us) & has the storm move more NNE as it makes landfall in the Big Bend on Thursday. Some of the models are closer to Apalachicola & call for a turn to the north or even NNW at landfall.
2.) Motion direction is important as any ""east"" component to the storm as it landfalls to our north would increase the surge threat along our coast. They do note in the advisory that this track may change a lot depending on where the center of the storm forms.
3.) The tricky thing here is intensity. NHC has definitely split the difference between the weaker forecast of the EURO & the stronger forecast of the GFS, which in some runs brings this to a strong Cat 3 or even Cat 4 hurricane. This intensity forecast is the least reliable part of hurricane forecasting.  
4.) The problem with this track is that it is horrible for our coast. An eastward-moving storm, strong, approaching from SW to NE & making landfall north of Tampa Bay is a huge concern for flooding. The storm's southwest winds on the right side of the track would push water toward the coast. Add to this the relatively shallow nature of the Gulf in this area & you run into flooding along the coast & everywhere around the bay as well. 
5.) You're going to see some surge model data from the NWS Slosh model online today. I've included them here for Cedar Key, Clearwater & St. Pete. These maps show the potential water & surge levels late Thursday afternoon & evening. These water levels are upwards of 7 ft. above the highest astronomical tide observed, a.k.a. SERIOUS FLOODING. Think ETA or worse. This would extend from Manatee County, all of the Bay around Tampa, Oldsmar down to Appollo Beach & then up the coast into the Nature Coast. 
6.) I want to caution that these early surge forecasts are subject to change, significantly based on track & intensity. But even if the actual flooding is HALF of what is forecast here, then we're still looking at significant water inundation in areas that are susceptible to flooding. If you flooded during ETA you have a high chance of flooding again in this storm if the track doesn't change. 
7.) If this flood forecast remains then I expect significant calls for evacuations near & along our coast. Watches & warnings are also likely for our area by Tuesday PM. 
8.) The storm will be accelerating as it moves past us so I think this is at most a Thursday daytime event & then it's out. 
The next set of new model data comes out between 2-3pm. Look for an update after that.",neutral,0,neutral,0,neutral,0,1,1
lr2zvsq,reddit,comment,Tropical tidbits is great too: https://youtu.be/sBjir_gOaXs?si=kJ9MIXNQqz_cP0So,neutral,0,neutral,0,neutral,0,1,1
lqivqrx,reddit,comment,"Checking in from New Smyrna Beach. The fast speed, intensity models and track have me taking this serious. Be prepared for the worst and hope for the best.",positive,0,neutral,0,,0,0,1
lqpopps,reddit,comment,How do you know what situation they are facing if they don't have electricity?,neutral,0,neutral,0,neutral,0,1,1
phi_deb_Aug1_8_c148,facebook,comment,me too,neutral,0,neutral,0,neutral,0,1,1
lqv1gvq,reddit,comment,Ok I was an hour early but there is absolutely a double wind max in this Air Force pass,neutral,0,neutral,0,neutral,0,1,1
phi_mil_7_c402,facebook,comment,OK freaking out,negative,0,negative,0,negative,0,1,1
phi_hel_60_c005,facebook,comment,For Ian I was a direct hit and out water got contaminated. We’re weren’t allowed to use it,negative,0,neutral,0,,0,0,1
1fx3hf1,reddit,post,"Central FL how we feeling about the coming storm? Last major storm to impact us pretty bad was in 2022. I’m feeling pretty nervous about this one!

More nervous for my parents who are in Tampa",negative,0,negative,0,negative,0,1,1
phi_hel_33_c135,facebook,comment,I’ve got my daughter following you from UF. If it weren’t for you I’d be a mess!,neutral,0,positive,0,,0,0,1
lqlrvs9,reddit,comment,"Look for any parking lot that is high and park there, friends of mine park their cars in a restaurant lot next to them. Their yard gets flooded during heavy rains and that has saved their cars in the past",neutral,0,neutral,0,neutral,0,1,1
phi_mil_120_c083,facebook,comment,"He'll be playing ""combat the trolls""(there were trolls in the Facebook chat the other night and on the Youtube chat as well) at 7Pm for those who have internet as he always does during these storms",neutral,0,neutral,0,neutral,0,1,1
lr50p51,reddit,comment,I don’t prefer living through historic weather events. I moved here for work and I would love to say this is my first historic weather event but I lived through some in Minnesota. The tornado outbreak in 1992 was pretty terrifying as were others tornado outbreaks I lived through. That halloween blizzard was pretty insane. But I think this is worse.  The impending doom I feel while watching and waiting for this hurricane to come is awful. It’s the worst I’ve felt since I moved here ten years ago.,negative,0,negative,0,negative,0,1,1
lfwriv7,reddit,comment,"Depends, how was your power steering?",neutral,0,neutral,0,neutral,0,1,1
phi_deb_July31_6_c058,facebook,comment,What are we buying from Etsy?,neutral,0,neutral,0,neutral,0,1,1
lqwcsrj,reddit,comment,"Politics in our country is embarrassing.  All this ""gotcha"" stuff just blocks people from gaining and understanding of the big picture.  I don't even need to look to k own that he isn't turning down disaster help from FEMA.",negative,0,negative,0,negative,0,1,1
lr4yw8d,whitehouse,comment,"i realize exactly how the MIC works. We are using our resources and labor to send a foreign power weapons, and we are spending far more respurces doing that than on helping our own people.",neutral,0,negative,0,,0,0,1
lr60v2x,reddit,comment,But I have a hyperlink to look at the GFS I'm providing a heroic service telling people about what it says online!,positive,0,negative,0,,0,0,1
lr5vqp3,whitehouse,comment,"No baggage or negativity?  Do you remember the racist sentiments against Hispanic Americans rising from his ""not sending their best"" rhetoric?  The racist sentiments against brown Americans of all kinds concurrent with his Muslim bans?  The racist sentiments and violence against AAPI Americans (that had been in the country for *years*, or possibly their entire lives) around the onset of the so-called ""China virus""?  The surge in white supremacist rallies and activity during his campaign and tenure (e.g. Charlottesville's ""Unite the Right"" rally - the name of which would upset me if I were a right-leaning individual that wasn't a white supremacist).

Like, maybe you didn't encounter any due to some combination of luck, privilege, ignorance (as in lack of knowledge - not the insult), demographics, or selective memory.  But claiming there wasn't any is wild.

Unless you just mean on the subreddit, which is as likely to be due to changes in sub rules and average sub demographics as anything else.",negative,0,negative,0,negative,0,1,1
lr0gf8d,whitehouse,comment,…the post is from the Whitehouse account…the one you’re commenting on right now.  What’s being blocked?,neutral,0,negative,0,,0,0,1
1fzwlk4,reddit,post,"Tropical Tidbits for Wednesday, 9 October: Hurricane Milton on Final Approach to Florida",neutral,0,neutral,0,neutral,0,1,1
lrjejai,whitehouse,comment,"You know weapons have a self life? So we send older weapons that would eventually be decommissioned to Ukraine, and provide American jobs by replacing them with weapons manufactured here in the good ol’ USA. They would be made any way. When did republicans stop wanting America to have a lethal military? Do you all want to be Russian or Chinese citizens that much? Crazy that you support a candidate who is friends with Xi, Putin, and Kim 🤮",neutral,0,negative,0,,0,0,1
phi_hel_32_c042,facebook,comment,starting to look like a hurricane with the rotation,neutral,0,neutral,0,neutral,0,1,1
phi_mil_24_c121,facebook,comment,"Tarpon Springs, hit bad with storm surge from Helene. How’s it looking for our coastal area?",neutral,0,neutral,0,neutral,0,1,1
phi_mil_82_c175,facebook,comment,What makes y’all so confidant it won’t turn . Why do you think it will weaken ?? Helene didn’t get any weaker when it hit the dang Mountains,negative,0,negative,0,negative,0,1,1
lqto1a5,reddit,comment,His point is it’s a heat engine. A car may be able to go from 0 to 60 in 2 seconds but it can only sustain that as long as the engine has enough gas to maintain that combustion,neutral,0,neutral,0,neutral,0,1,1
lp6umb9,reddit,comment,WOW - YOU SHALL NOT PASS!!!!!!!,negative,0,positive,0,,0,0,1
lqp0p50,reddit,comment,"At this point, making tons of ice and dumping it in the gulf/ atlantic doesnt seem such a strech to help",negative,0,negative,0,negative,0,1,1
lqtehgw,reddit,comment,Also consider disabling ad blockers for his site while you’re refreshing.,neutral,0,neutral,0,neutral,0,1,1
1fpsax9,reddit,post,"Silly question, was this the eye or eyewall? (Hurricane irma) When hurricane irma struck my family wanted to escape to a shelter last minute DURING THE STORM. Don’t bash us. We went outside and ran to the car. I observed heavy rain that left huge puddles in the grass, an orange sky, and strong winds. 

No harm was done to us but i’ve been curious ever since. Were we in the eye or the eyewall of the hurricane?",neutral,0,neutral,0,neutral,0,1,1
phi_mil_5_c143,facebook,comment,Now the real question is will it damage the Halloween inflatables?,neutral,0,positive,0,,0,0,1
phi_mil_55_c071,facebook,comment,go north!,neutral,0,neutral,0,neutral,0,1,1
phi_mil_172_c092,facebook,comment,how long will the storm last?,neutral,0,neutral,0,neutral,0,1,1
lqk0oq7,reddit,comment,I'm in Wimauma and not in a evac zone. Not sure what to expect. Leave or do we hunker down?!,neutral,0,neutral,0,neutral,0,1,1
phi_hel_20_c046,facebook,comment,same here in Pasco!,neutral,0,neutral,0,neutral,0,1,1
lr3lanq,whitehouse,comment,"I'm super glad that there's been billions for Ukraine and Israel and Taiwan. Those folks are super way more inorganic than a bunch of silly Americans, huh? 

/s for those who have difficulty detecting sarcasm. Of course, in this age, I'm sure there are those who believe that anyway. They seem to have thoroughly infested our government; and in both parties.",negative,0,negative,0,negative,0,1,1
phi_deb_Aug3_15_c064,facebook,comment,"What does this mean for Charlotte Douglas as we fly over on August 10th, then to Orlando same day.
Panic. Com",neutral,0,negative,0,,0,0,1
lqztd11,reddit,comment,"I’ve been around for a while too - whilst it always happens, it is especially bad at the moment, presumably because of the absolute idiots promoting conspiracy theories and politicising hurricanes",negative,0,negative,0,negative,0,1,1
phi_hel_57_c147,facebook,comment,How far can storm surge go out ? Is 7 miles from ocean far ?,neutral,0,neutral,0,neutral,0,1,1
1fq1jx1,reddit,post,"If you’re planning on  “Stayin’ & Prayin’”….. Remember to write your full name, date of birth, & next of kin across your chest in indelible ink. It will expedite corpse identification after the storm.",negative,0,negative,0,negative,0,1,1
phi_deb_Aug4_28_c013,facebook,comment,Tornado watch in Marion County as well,neutral,0,neutral,0,neutral,0,1,1
lqwraww,reddit,comment,"Thank you. 

Everybody's talking about Katrina, but not Andrew.",positive,1,neutral,0,,,0,0
lr4mzug,whitehouse,comment,"It's amazing how well it's worked. It really is true, they just say it enough and these people believe anything",negative,0,negative,0,negative,0,1,1
phi_mil_88_c073,facebook,comment,Must be people outside of Florida saying that,neutral,0,neutral,0,neutral,0,1,1
lr0zquu,reddit,comment,See many comments how anywhere on the east coast in vulnerable. And that’s somewhat true. But Florida is located in an extremely precarious area. I wouldn’t want it live there. I wouldn’t want to own property there. I use to hang out in the Keys in the 70s but have no desire to be there now.,negative,0,negative,0,negative,0,1,1
lovws7u,reddit,comment,"We're just past the peak of the season now.  Hopefully storms will be better soon.

https://preview.redd.it/d2m3jtqgpzqd1.png?width=2000&format=png&auto=webp&s=a9be161662eead1f3c44bb4a892a74034b9fde23",positive,0,positive,0,positive,0,1,1
phi_deb_Aug1_2_c018,facebook,comment,I'm having Rob check our ac filter. It's been working overtime,neutral,0,neutral,0,neutral,0,1,1
lg2cj17,reddit,comment,Denis is the man.,positive,0,positive,0,positive,0,1,1
phi_deb_Aug3_14_c019,facebook,comment,"that and Debbie’s brother is trying to form right behind her, so at least if he comes this way you will have leftovers. 🥰",neutral,0,negative,0,,0,0,1
lqmnrft,reddit,comment,You should also call your parents and drink more water. Use the hurricane as an excuse to become a better person!,neutral,0,positive,0,,0,0,1
lqv5lhz,reddit,comment,"I’m in Brevard … it’ll definitely be a weak Cat 2 or a Cat 1. That means lots of rain, too. 

[Brevard storm center](https://www.brevardfl.gov/StormCenter)",negative,0,neutral,0,,0,0,1
1g236sq,whitehouse,post,"Update on the Biden-Harris Administration’s Response to Hurricane Milton.
On Friday night, President Biden immediately approved Florida Governor Ron DeSantis’s request for a Major Disaster Declaration for Florida. People in 34 counties in Florida, in addition to the Miccosukee Tribe of Indians of Florida, can now apply for FEMA assistance – including immediate aid to help with urgent needs like food, water and baby formula, as well as longer term needs like home repairs and rental assistance. If you are in a county eligible for both Helene and Milton disaster assistance, you need to submit separate applications for each disaster. You can apply by:

* Visiting [DisasterAssistance.gov](http://DisasterAssistance.gov)
* Calling 1-800-621-3362
* Using the FEMA App

Tomorrow, President Biden will travel to Florida to visit areas impacted by Hurricane Milton, meet with first responders and personnel on the ground, and hear firsthand from the community members as response and recovery continues.

We continue to urge people impacted by Hurricane Milton to stay safe. Pay attention to local officials, do not touch downed powerlines, be safe during an outage, and use generators safely. We will be with you for as long as it takes.

  
[President Joseph R. Biden, Jr. Approves Florida Disaster Declaration | The White House](https://www.whitehouse.gov/briefing-room/presidential-actions/2024/10/12/president-joseph-r-biden-jr-approves-florida-disaster-declaration-8/)

https://preview.redd.it/1br7rywvkcud1.png?width=2160&format=png&auto=webp&s=2ba5a445125d43aed0b47e9b2325fa39b8929b89",positive,0,neutral,0,,0,0,1
phi_mil_14_c134,facebook,comment,"Thank you so much 
Praying so hard this one weakens. I’m from WNC, live near Charlotte now half the year and in Zephyrhills half the year…our fun meter is pegged with hurricanes this season",positive,1,positive,0,positive,,1,0
phi_deb_Aug3_20_c181,facebook,comment,"I really like this guy, to the point, and I trust his forecasts .",positive,0,positive,0,positive,0,1,1
phi_mil_77_c049,facebook,comment,"I read a book called The Intention Experiment detailing the research showing that prayer and focused thought/meditation can affect the physical world. It showed that the more people praying for the very specific outcome the stronger the measurable effect. I'm asking everyone to pray that this gets down to a Cat 1 before landfall due to the strong shear. I know there's enough of us who live here or care about someone who does to make this better. I don't know if we'll make Cat 1 but even a 2 would be better, and some models are showing Cat 1 at 48 hours. Some are showing it still off shore at 48 hours. Not sure if they're the same models (probably not ) but both outcomes are already possible we just need to put them together!",positive,0,positive,0,positive,0,1,1
lqrgs69,reddit,comment,I’m also not a fan of this little chicane that Milton seems hell bent on doing before landfall. Like it’s trying to show off or something.,neutral,0,negative,0,,0,0,1
lqjr0oc,reddit,comment,The idiot drivers do that nearly daily lmao,negative,0,negative,0,negative,0,1,1
phi_deb_Aug4_68,facebook,post,"A Tornado Warning has been issued for parts of Sarasota, Manatee until Aug 04 8:15PM. Download the ABC Action News App for the latest weather information.",neutral,0,neutral,0,neutral,0,1,1
phi_hel_42_c005,facebook,comment,yes! Amen! In Jesus’ name,positive,0,positive,0,positive,0,1,1
phi_deb_Aug1_8_c006,facebook,comment,"your use of “should” simply means the technology doesn’t meet your expectations, which likely indicates a limited understanding of the limits of said technology.
There’s a lot of constantly shifting wind patterns, and historical data (one of the many variables in the equations) probably isn’t as helpful due to the recent change in climate overall.",negative,0,negative,0,negative,0,1,1
lqxng8v,reddit,comment,That’s right!  OP put some respect on the name of our lord and savior!,positive,0,positive,0,positive,0,1,1
phi_deb_Aug1_8_c002,facebook,comment,Mother Nature is unpredictable,neutral,0,neutral,0,neutral,0,1,1
dee_mil_GregDeeOct6_1,facebook,post,Here's what's new overnight. Next update from NHC is 5 am.,neutral,0,neutral,0,neutral,0,1,1
phi_mil_192_c026,facebook,comment,do they live on the creek?,negative,0,neutral,0,,0,0,1
lr0l4uj,reddit,comment,"Turkey hill ? yeah thats not an issue. The one in Gainesville is just a small research reactor, i dont thats an issue either",neutral,0,neutral,0,neutral,0,1,1
lr0zaag,whitehouse,comment,"I'm sure u/flaginorout will actually go back and look at the DRF monthly report when it actually comes out this month and next month, since they are interesting in being well informed!",neutral,0,positive,0,,0,0,1
phi_deb_Aug4_36_c027,facebook,comment,WINK Weather is great for that area.,neutral,0,neutral,0,neutral,0,1,1
lqornqy,reddit,comment,In a certain mindset florida is a sanctuary. If I have 2 I will live in a fishing shack. I have 1 acre of sacred ground  protecting 4 florida wildlife and I know others doing the same. and I am here 2 the end.,neutral,0,positive,0,,0,0,1
lqu7c81,reddit,comment,He's the chief meteorologist for WESH in Orlando,neutral,0,neutral,0,neutral,0,1,1
1g041a9,reddit,post,Screw you Milton!!! #TampaStrong,negative,0,positive,0,,0,0,1
lt1fgn1,whitehouse,comment,"Trump is speaking in Asheville and Greensboro today, and I'm betting a lot of lies will be told.",negative,0,negative,0,negative,0,1,1
phi_mil_40_c146,facebook,comment,"if you are inland, cinderblock is good, move to interior room away from exterior walls and windows - take weather radio/cell phone, snacks, flashlights, lotsa comfy blankets/pillows and hunker down. Hope this helps you!",positive,0,positive,0,positive,0,1,1
lok3vw2,reddit,comment,"If landfall is near Destin- going through with party is probably bad idea.  Chance they might not even have power and a lot of cleanup underway.

That being said- the hurricane has not formed and its path is all a guess.  If it goes more towards big bend or Tampa- Destin could be totally fine.",neutral,0,neutral,0,neutral,0,1,1
1fqzdcr,reddit,post,"Need help to identify location  My parents are staying at a hotel in Asheville area. They called me this morning to tell me the power went out and trees had fallen around the property so no vehicles could get in or out. I haven’t heard from them since and I’m starting to worry. Can anyone look at these photos and tell me what hotel they could be staying at? Hoping to track down some more information on the status of flooding or landslides in their area. We’re starting to worry, but hoping that it’s just cell phone outages.",negative,0,negative,0,negative,0,1,1
lqhyaxc,reddit,comment,Please evacuate if/when issued. Stay safe mate!,positive,0,positive,0,positive,0,1,1
phi_mil_27_c194,facebook,comment,They have to prep for shelter evacuations,neutral,0,neutral,0,neutral,0,1,1
phi_deb_Aug3_16_c035,facebook,comment,I would say as the map looks right now we will be experiencing rain bands depending on how close it comes to the shore line. i would say a significant amount of rain until Monday. We thought this thing would be fast moving predicting it between tonight and tomorrow morning but now Sunday night into Monday .... annoying I say but gets you more time to prepare but I don't think it's gonna be a big event in our area... I'm in Pasco too... but if your area tends to flood with heavy rain I would predict that be the case... mild to moderate amount of flooding.,neutral,0,neutral,0,neutral,0,1,1
1fzsnwk,reddit,post,Storm surge for Hurricane Milton can be as high as 15 feet: Watch how does it look,neutral,0,neutral,0,neutral,0,1,1
lr2sh7c,reddit,comment,"For all evacuated who may thinking they will flood and want to get anxiety out by preparing for next steps of a flooded house:


Mold Armor, a pump to administer it, a shopvac 9 gallon or above, sledgehammer, something to pry off your baseboards, cleaner fluid (bleach wont kill mold). Dehumidifiers — 3 or 4 to a house. Hoses. Extension cords.  Buckets. 

Buy em now, dont open and take em back to home depot if you dont need them.",neutral,0,neutral,0,neutral,0,1,1
phi_mil_29_c122,facebook,comment,"its Milton, the devil from Devil's Advocate",neutral,0,neutral,0,neutral,0,1,1
phi_mil_155_c127,facebook,comment,out of the cone!,positive,0,neutral,0,,0,0,1
lr5eied,whitehouse,comment,"I picked up that word on the Straight Dope Messageboard. Cool people, smart people, old format.",neutral,0,neutral,0,neutral,0,1,1
lqh2pc7,reddit,comment,Be on guard but don’t take potentially cat 4 as for sure that going to happen right now models are producing worst case type shit,neutral,0,neutral,0,neutral,0,1,1
phi_mil_174_c031,facebook,comment,next level old.... lol,neutral,0,neutral,0,neutral,0,1,1
lr3gj24,whitehouse,comment,"Well to be fair all the infrastructure is fucked, including phone, tv, and internet.",negative,0,negative,0,negative,0,1,1
phi_mil_57_c158,facebook,comment,"I moved to St Pete in 2004 and 10’days later was Charley, same thing, Cat 4 coming straight up the bay, but it turned at the last minute and went to Port Charlotte. Historically, the area has been spared direct hits (see ancient burial ground comment above? Who knows). So anything is possible!",neutral,0,neutral,0,neutral,0,1,1
lqsv1pg,reddit,comment,Because it started calculating hours ago,neutral,0,neutral,0,neutral,0,1,1
phi_mil_89_c081,facebook,comment,Question Denis Phillips is that another storm in front of it that it will combine with like it did earlier? Thank you for everything you do! I hope your family is safe when you are always at the station,positive,1,positive,1,positive,1,1,1
phi_mil_2_c507,facebook,comment,Thank you for giving the best info and in an informative non-drama way. It is appreciated-Naples,positive,1,positive,1,positive,1,1,1
phi_mil_182,facebook,post,"As the eye of Milton passes by, some will not see the strongest winds from the storm until they NW side of the eye wall gets to them on the back side of the eye. Power outages are very likely in areas that experience this part of the storm.",neutral,0,neutral,0,neutral,0,1,1
lr5he1v,whitehouse,comment,Your comment indicates you don't understand how disaster response works. Strongly recommend you try to understand how something works before you viscerally respond to something you don't understand.,negative,0,negative,0,negative,0,1,1
phi_mil_181_c023,facebook,comment,praying for you,positive,1,positive,0,positive,,1,0
lr5e651,reddit,comment,Do you mean like Oldsmar?,neutral,0,neutral,0,neutral,0,1,1
1fyqfvn,reddit,post,"Be aware of people stealing Gas Most gas stations requiere you to come inside during hurricane to pay. Then they turn on the pump, by the time you make it back to the pump someone might be able to fuel his gas can, happened to us, luckily we caught them on time",neutral,0,neutral,0,neutral,0,1,1
phi_deb_Aug4_39_c018,facebook,comment,No wind no rain in dunedin,neutral,0,neutral,0,neutral,0,1,1
phi_mil_101_c117,facebook,comment,May God bless one and all! Be safe!,positive,0,positive,0,positive,0,1,1
1fzai8l,reddit,post,Florida's largest insurer issues Hurricane Milton warning to policyholders,neutral,0,neutral,0,neutral,0,1,1
lr5fmg3,whitehouse,comment,Believe what you’d like and vote how you’d like… idc… understand not everyone agrees with you and move on. 95% of the posts here end with fuck Ron and fuck trump. Just gets old.,negative,0,negative,0,negative,0,1,1
phi_mil_29_c072,facebook,comment,It's cat one now it just hasn't reached us yet,neutral,0,neutral,0,neutral,0,1,1
phi_mil_15_c074,facebook,comment,they already are it's quite ridiculous,neutral,0,neutral,0,neutral,0,1,1
lp3myi7,reddit,comment,As long as they don’t fly over convective bursts they will be fine,neutral,0,neutral,0,neutral,0,1,1
phi_mil_94_c072,facebook,comment,"We’re going to need to really lean on each other for the next few weeks, months, and years for some. Be safe yall",positive,0,positive,0,positive,0,1,1
lr4iyq1,reddit,comment,13 active Tornado warnings is totally batshit. This storm is something else.,negative,0,negative,0,negative,0,1,1
lr0fq86,reddit,comment,"They should be worried. Extremely worried. 

There’s still time for them to evacuate.",negative,0,negative,0,negative,0,1,1
phi_hel_45_c031,facebook,comment,Yes...will be moving quickly!!!,neutral,0,neutral,0,neutral,0,1,1
lr1on8v,reddit,comment,Most likely. A warming eye means it is becoming more distinct and is usually indicative of pressure falls.,neutral,0,neutral,0,neutral,0,1,1
lqsp4pp,reddit,comment,"With all the free laid time off between now and November, just think of what these folks could do to rally and organize their supporters and mobilize all the wherewithal of a Congressional office to bring to bear on boots-on-ground storm relief. Have you seen any of them? Heard a peep? It's not like they can even use this time to campaign in good conscience. Where are they? TBF, GA-12 rep and part time one-armed Def Leppard drummer Rick Allen did vote in favor of FEMA aid and has cosigned a bill for hurricane relief for farmers. But where are the rest? Cowerin' Clyde is on the House Appropriations Committee! Not. ONE. Peep!",negative,0,negative,0,negative,0,1,1
phi_deb_Aug4_50,facebook,post,"A Tornado Warning has been issued for parts of Polk, Hardee until Aug 04 2:00PM. Download the ABC Action News App for the latest weather information.",neutral,0,neutral,0,neutral,0,1,1
lr3cc4n,whitehouse,comment,"The $750 is what people in Tennessee and North Carolina have been having to sign a loan agreement to get, unlike any situation prior to Hurricane Helene.",neutral,0,neutral,0,neutral,0,1,1
phi_deb_Aug3_1_c001,facebook,comment,Wow you’re up late.. thank you for updating and keep us all informed!,positive,1,positive,1,positive,1,1,1
1fyrz5u,reddit,post,Freaking out - mom doesn’t want to evacuate were zone B.  Could anyone seriously tell me if you would also evacuate? And how to convince my mom because I have a 13 month old daughter and my anxiety is rising. She refuses because she has two dogs and is stubborn as a f*cking mule. She says her house is built to withstand hurricane winds and she just had the roof redone but I don’t care!!! I don’t want to risk dying or drowning.,negative,0,negative,0,negative,0,1,1
phi_hel_76_c055,facebook,comment,I really appreciate you and you keeping us informed!! Stay safe EVERYONE!,positive,1,positive,1,positive,1,1,1
lr07pe4,whitehouse,comment,"I have 270 times more karma than the White House.

270 is the number of Electoral College votes needed to win the White House.

Am I the next President?",neutral,0,positive,0,,0,0,1
lr2m6wa,whitehouse,comment,"Ah yes, foreign aid approved by Congress and domestic approved by Congress. Clearly, this is Joe Biden's fault...

It's also comparing apples to oranges. Can't believe this is the spin conservatives are going with.",negative,0,negative,0,negative,0,1,1
lqi1db9,reddit,comment,damn. thanks for sharing. that's the most articulate and well written response to the insanity I've seen yet.,positive,1,positive,1,positive,1,1,1
phi_hel_87_c139,facebook,comment,Strong gusts 2 miles from the Gulf NPR.,neutral,0,neutral,0,neutral,0,1,1
lr5oibr,whitehouse,comment,"Their indoor/outdoor cats and they sleep in the garage (they have beds and everything. My mom just doesn't want a litter box in here). They were strays. We took they to get fixed, the catch and release program, and they adopted us. So he was chilling in the garage, where he probably still is, just hiding. I can't see him going out in this.",neutral,0,neutral,0,neutral,0,1,1
lquhv6z,reddit,comment,"In my day, Methly Chapel",neutral,0,neutral,0,neutral,0,1,1
1fzfdvd,reddit,post,How hospitals in Milton's path are preparing for the hurricane,neutral,0,neutral,0,neutral,0,1,1
dee_hel_GregDee24_23,facebook,post,"11pm update: Helene still has winds of 60 mph. No real change to the track. A few models are trying to nudge the track a bit East, but most are keeping the track locked in. Either way, NHC expects Helene to make landfall as a powerful Cat 3 hurricane with winds of 120 mph. Updates on ABC Action News and of course, we're on it right through landfall. We're here for you 24/7.",neutral,0,neutral,0,neutral,0,1,1
lr4o7m1,reddit,comment,So what would it take in terms of steering for it to turn more towards Tampa Bay? Would it need to go NNE?,neutral,0,neutral,0,neutral,0,1,1
ls6eodl,whitehouse,comment,"Certain members of congress, primarily GOP, voted against increasing funding to FEMA. That happened just before Milton came in for a visit.",negative,0,neutral,0,,0,0,1
lr41g7e,whitehouse,comment,"Yes, boot the people that are actually here experiencing yet more government failure. You don't need them anymore anyway.",negative,0,negative,0,negative,0,1,1
lr42kmm,reddit,comment,"Woah, yeah I wouldn't post after that either.",neutral,0,neutral,0,neutral,0,1,1
lr4373g,whitehouse,comment,Why hasn't this happened with the other hurricanes that hit the US this year? Or last year. Or the year before. It's not like the idiots with microphones just appeared two weeks ago.,negative,0,negative,0,negative,0,1,1
phi_mil_193_c117,facebook,comment,ours is flickering. We are on Calypso cay way.,neutral,0,neutral,0,neutral,0,1,1
lr49fix,reddit,comment,it’s gonna hit namibia,neutral,0,neutral,0,neutral,0,1,1
phi_deb_Aug4_64_c048,facebook,comment,Do we still have any tornado watches srq airport. Whitfield Bradenton border,neutral,0,neutral,0,neutral,0,1,1
lr41jib,reddit,comment,Don't talk about EF ratings with no info.,negative,0,negative,0,negative,0,1,1
phi_mil_5_c148,facebook,comment,"Why does it say ""7 days 90%""? That makes it sounds like it's coming in 7 days?!! But it's actually coming Wednesday?",neutral,0,neutral,0,neutral,0,1,1
phi_hel_40_c140,facebook,comment,highly doubtful if it hits tally at a 3 .I 10 will be shutdown,neutral,0,neutral,0,neutral,0,1,1
lr0r8p3,reddit,comment,He should get an icc warrant for crimes against humanity.,negative,0,negative,0,negative,0,1,1
lr137rf,reddit,comment,"Pinellas has a list of recommended supplies and documents to bring with you, depending on where you’re headed. Just a good checklist if you’re still packing https://pinellas.gov/make-a-plan/build-your-emergency-kit

If you’re worried about damage to plumbing, might be worth turning off your water main as well.",neutral,0,neutral,0,neutral,0,1,1
1fq2af6,reddit,post,"Given that I live here, Here's the updated info we're being provided by our weather news apps It hasn't changed much since 4 am, when I had to grab some sleep.",neutral,0,neutral,0,neutral,0,1,1
phi_mil_70_c044,facebook,comment,friggin bifocals. I’ll take one too,neutral,0,neutral,0,neutral,0,1,1
lr8c707,whitehouse,comment,"Same on you, mods…",neutral,0,neutral,0,neutral,0,1,1
loxknwa,reddit,comment,You should have your emergency supplies before you’re told to prepare for an emergency. No one should have to go anywhere for anything beyond your normal schedule if you’re doing it right,neutral,0,neutral,0,neutral,0,1,1
phi_mil_6_c351,facebook,comment,Sweet I can go to pool league Monday and Tuesday!,positive,0,positive,0,positive,0,1,1
lp53f39,reddit,comment,Check local NWS guidance.,neutral,0,neutral,0,neutral,0,1,1
lr4tq1e,whitehouse,comment,"there is more assistance than the fema program

and lets not forget your MAGA darling mike johnson says they dont have to do shit until they get back, because bills have to be added up first.

I also bet this loser here complained about the stim checks over covid ""omg people getting free stuff sure sounds like socialism to me""

it is also hilarious to see these MAGA idiots complain there isnt ENOUGH socialism for their liking.",negative,0,negative,0,negative,0,1,1
1fqjw0a,reddit,post,Important weather update I just saw. For real. With the dotted line and everything. We’re totally screwed.,negative,0,negative,0,negative,0,1,1
phi_mil_6_c465,facebook,comment,And I just started my internship too,neutral,0,neutral,0,neutral,0,1,1
1fwhfbz,reddit,post,"Leslie is the 4th Atlantic hurricane formation in just 9 1/2 days (Helene, Isaac, Kirk). That's the shortest amount of time between 4 Atlantic hurricane formations since 2012 when 4 hurricanes formed in 8 days, 6 hours between Aug 28 - Sep 5.",neutral,0,neutral,0,neutral,0,1,1
lge4bmy,reddit,comment,I would not wait either. The storm is going to stall somewhere over north florida or south central georgia. OP should be good to make pensacola tomorrow if they leave early. Wait a day and you mind as well just wait until Wednesday.,neutral,0,neutral,0,neutral,0,1,1
lga2l30,reddit,comment,What do you think now?,neutral,0,neutral,0,neutral,0,1,1
lr4z18b,whitehouse,comment,I see putin paid actors are on this sub reddit now,negative,0,negative,0,negative,0,1,1
lp8nbx8,reddit,comment,"I love replies that begin with an ""all due respect"" qualifier. Gated communities were processed ahead of our more modest neighborhood. That was my gripe.

I was trying to get a simple estimate from JEA because I conduct 10 hours of Peritoneal Dialysis every night. I missed last night as power went out just starting therapy. Can't miss tonight. I wanted an estimate pf power repair time to guide my decision to an alternate therapy. I have to cycle 9000 kgs of diasylate through my peritoneal cavity. 

Heather, I have been through dozens of emergency events as that's my profession- operating medical facility maintenance and repair  in blizzards, tornadoes, wildfires, and hurricanes and outbreaks. I reached out to see where the repairs were being made. From that I could have assessed of the damage, I could have made arrangements I would have needed. I've been in FL over 30 years. I know the people of FL and. I don't know if you were born here, but your whole native, Too Cool For School shtick is 25 years too old. Take a peak at the demographics. 

And, *with all due respect*, the effects on JAX were hardly those  of a CAT 4 ripping through the state. Natives would know that.

And a second, with all due respect, you are a prying, know it all, twat.",negative,0,negative,0,negative,0,1,1
phi_hel_54_c001,facebook,comment,Do you think it’s possible the storm surge predictions become higher for Tampa Bay and Pinellas?,neutral,0,neutral,0,neutral,0,1,1
lrgzo5q,whitehouse,comment,What… no 👎?,negative,0,negative,0,negative,0,1,1
phi_deb_Aug2_17_c042,facebook,comment,different people will give you different cities... Big bend is roughly Appalachee Bay to Waccasassa Bay.,neutral,0,neutral,0,neutral,0,1,1
phi_mil_83_c026,facebook,comment,You and me both!,neutral,0,neutral,0,neutral,0,1,1
lr0yr90,reddit,comment,You don't need to be delusional TO BELIEVE. You're already delusional to NOT believe it. it's probably not your fault.,negative,0,negative,0,negative,0,1,1
lrk9grm,whitehouse,comment,This is reddit hun. It's a leftist shit hole. Any voice of reason right of Stalin is immediately hated here.,negative,0,negative,0,negative,0,1,1
phi_hel_85_c077,facebook,comment,We're sitting in a hotel in Kissimmee watching the local ABC station. I sure miss Denis Phillips.,neutral,0,neutral,0,neutral,0,1,1
phi_hel_83_c139,facebook,comment,How far inland do we need to be worried about storm surge in Tampa?,neutral,0,neutral,0,neutral,0,1,1
lqp8ttr,reddit,comment,I’m still debating weather to pack up quick and drive to Broward. I’m by USF so I’m way more inland but I don’t have many people over here if something goes wrong. I’m on the second floor so may ride it out,neutral,0,neutral,0,neutral,0,1,1
phi_hel_36_c059,facebook,comment,How will Clermont do in this storm?,neutral,0,neutral,0,neutral,0,1,1
1fwwcwt,reddit,post,"Hurricane Kirk I am on a family vacation in Ft. Morgan, AL until next Friday. Should I be worried about this hurricane? Any help would be much appreciated because I already suffer with anxiety and I’ve been googling so much about this hurricane that I have not been able to enjoy any of this family vacation. Thank you!",neutral,0,neutral,0,neutral,0,1,1
lr0sghy,reddit,comment,So pressure has increased slightly but wind speeds remain the same. Curious to see how it fluctuates over the next few hours,neutral,0,neutral,0,neutral,0,1,1
phi_deb_Aug1_5_c084,facebook,comment,it already rains everday here the next week in half gonna be a complete wash out,neutral,0,neutral,0,neutral,0,1,1
phi_mil_44_c140,facebook,comment,"What's your juju like? If your only spiritual when there's a hurricane coming, you probably had the opposite effect.",neutral,0,neutral,0,neutral,0,1,1
phi_hel_27_c033,facebook,comment,I didn't say you said you were I'm just saying thankfully your not. Don't get so defensive,neutral,0,negative,0,,0,0,1
1ekosph,reddit,post,"Do we really need all the ""storm porn""? ""Twisters"" glamourizing storm chasing makes gullible people think they'll be next Jim Cantore. No concern for unnecessary risk speeding on crowded roads w overloaded, unstable rigs, while distracted. Looking at the sky, instead of where they're going. [removed]",negative,0,negative,0,negative,0,1,1
1ekgfj9,reddit,post,Flash flooding in St. Petersburg from Debby Houses are flooded in Shore Acres as well,neutral,0,neutral,0,neutral,0,1,1
lqwkpdo,reddit,comment,Take the insurance claim and leave Florida in the dust lol,neutral,0,positive,0,,0,0,1
lr1zje6,reddit,comment,"Massive amounts of debris will not be cleared before landfall, turning it into projectiles.

Ground is already saturated in large parts.

This is going to be brutal.",negative,0,negative,0,negative,0,1,1
phi_mil_64_c034,facebook,comment,"The slower it moves, the stronger it gets. I'm in Miami. We all are preparing down here in South Florida. I been through hurricane Andrew in 1992. It decided to switch path last minute, and the eye of it hit Homestead. It was catastrophic!!",negative,0,negative,0,negative,0,1,1
1fz8y62,reddit,post,For all those who can not evacuate. Please let us know after the hurricane has passed that you are okay. Be safe and I will be praying for you all.,positive,0,positive,0,positive,0,1,1
lqnrk6a,reddit,comment,Republicans. Always Republicans.,negative,0,negative,0,negative,0,1,1
lqxjnur,reddit,comment,That is incorrect. It is possible for FEMA to liquidate unused spending from 2012.,neutral,0,neutral,0,neutral,0,1,1
lr8016g,whitehouse,comment,You think sex trafficking is not a real thing that happens?,negative,0,negative,0,negative,0,1,1
lr6w28s,whitehouse,comment,"There was a rumor going around about one case in particular and she ended up advocating for a full review including DNA of his case to the governor who ended up performing the review and he was confirmed guilty as his DNA was ultimately found. As a prosecutor she didn't want to relitigate a decades-old murder case that she didn't even have anything to do with just because someone claimed that he was innocent. But finally after a big public outcry she relented and it turns out he wasn't innocent anyway. 

You have to understand when people's lives are on the line in the justice system they will go to any lengths they can to try and convince people that they are innocent. They basically claim that all the evidence tying them to the scene fingerprints and victims items being found in their car was planted by police. That was their defense and well that's technically possible they didn't really have any evidence that proves this. So in the last ditch effort they tried to see if maybe they could use DNA evidence which wasn't available at the time of their conviction in the hopes that maybe they wouldn't find anything and when they tested the DNA they actually did find it.

So I don't know what you're talking about with ""many black inmates.""

And as far as free labor she is not in charge of that that has to do with the Department of corrections her job is just to prove to the court that somebody committed a crime and advocate for the public in getting them behind bars. The DLC handles all inmate labor programs. You can say that the majority of prosecutors across the whole country are using inmates for labor because most states do that as part of their Department of corrections and much of it is codified by the legislature. Prosecutors don't run the prison system they just send people to the prison. 

That's like saying that Kamala Harris or any prosecutor was torturing inmates by putting them in solitary confinement because that's what the prison decided to do as part of their disciplinary procedures. 

It looks like you fell for right wing propaganda again. 


Here's a good short video to get you started on her record as prosecutor:

https://www.reddit.com/r/BlackPeopleTwitter/comments/1e9ravd/food_for_thought/",negative,0,negative,0,negative,0,1,1
phi_deb_Aug4_2_c040,facebook,comment,Good morning Denis Phillips. Thank you for your dedication to keeping us safe. Your weather updates keep us informed and reassured. I'll be staying tuned.,positive,1,positive,1,positive,1,1,1
lr0y1au,reddit,comment,Can’t get more sheltered from the real world than saying something like this,negative,0,negative,0,negative,0,1,1
lr5im7d,reddit,comment,What’s A TORE,neutral,0,neutral,0,neutral,0,1,1
lp3lzo8,reddit,comment,"I'd say most likely not.  Helene does have some strong wind shear, and the surface temps of the gulf are very warm along Helene's path, but landfall should happen before strengthening to a category 5 can occur.",neutral,0,neutral,0,neutral,0,1,1
lr5nc68,whitehouse,comment,I mean trapped in remote areas without internet and power how dare he not have his information submitted to the FEMA website.,negative,0,negative,0,negative,0,1,1
phi_mil_135_c025,facebook,comment,You think this will make its way to hernando county or would it be a bit further east like Sumter considering the hurricane is supposed to go east?,neutral,0,neutral,0,neutral,0,1,1
lr1ze1a,whitehouse,comment,"Republicans want ya to cover the rest. Handouts are socialism anyway. 

Get those bootstraps ready.",negative,0,negative,0,negative,0,1,1
phi_mil_158_c023,facebook,comment,this is absolutely terrifying,negative,0,negative,0,negative,0,1,1
phi_mil_48_c011,facebook,comment,Ditto,neutral,0,neutral,0,neutral,0,1,1
dee_hel_GregDee26_44,facebook,post,How are you doing folks? What's the latest where you are?,neutral,0,neutral,0,neutral,0,1,1
1ek52bj,reddit,post,Ballast Point - Tropical Storm Debbie,neutral,0,neutral,0,neutral,0,1,1
1fxnm9u,reddit,post,Who the hell order a Hurricane again,neutral,0,neutral,0,neutral,0,1,1
lr535cp,reddit,comment,"Yes, it will most likely be downgraded to a category 3, and the timing of the EWRC allows the shear to weaken it faster due to the restructuration, but it is *also* true that even in typical environment, EWRC lead to an increase in pressure too, you know. Being able to successfully complte that EWRC on top of fighting off shear means that the windfield will just get larger. 

It is highly improbable that it regains any strength from it",neutral,0,neutral,0,neutral,0,1,1
phi_mil_51_c099,facebook,comment,yes!! I saw that!!,neutral,0,neutral,0,neutral,0,1,1
lowxpgi,reddit,comment,"Current projections of storm surge are between 5-8 feet. Tampa reported evacuation of hotels just SW of Tampa Airport. You are going to at least some areas that have MANDATORY EVACUATION like Siesta. 
So - what do you think? Regardless of what floor you are moving to, do you think its safe to drive through storm surge where you very well can have a powerline down and submergedin water? Do you expect apartment complexes to do tours instead of accessing potential damage to their buildings and surrounding? Get real.",negative,0,negative,0,negative,0,1,1
phi_mil_9_c030,facebook,comment,Man plant city going to be right in the middle of that if that stays course,neutral,0,neutral,0,neutral,0,1,1
1fyqmsl,reddit,post,Milton will travel over the Chicxulub crater from the meteor that took out the Dinosaurs 66 MYA [removed],neutral,0,neutral,0,neutral,0,1,1
lrjrtk6,whitehouse,comment,Not in a time and NOT on the SAME DAY that the American citizens needed disaster relief. The fact that you think that was a logical response is comical.,negative,0,negative,0,negative,0,1,1
phi_deb_Aug4_51_c063,facebook,comment,we’re just now getting the stronger bands,neutral,0,neutral,0,neutral,0,1,1
lozbeyr,reddit,comment,People will never stop. Then will never learn. They will continue to watch the news and be insane,negative,0,negative,0,negative,0,1,1
phi_mil_67_c034,facebook,comment,Going towards Gainesville?,neutral,0,neutral,0,neutral,0,1,1
phi_hel_81_c139,facebook,comment,Siesta key and high tide isn’t till 11:30pm,neutral,0,neutral,0,neutral,0,1,1
lqubed9,reddit,comment,"Texas has entered the chat. We have Ted Cruz, who is hated by his own party and is now on his 11th year. After falling to Cancun during a storm where some of his constituents died. And, hasn't done a damn thing in office. So, Florida isn't alone in the Idiocracy. And, this Texan is praying for all Floridians right now. ❤️",negative,0,negative,0,negative,0,1,1
lqsmmxh,reddit,comment,"Yeah, I wasn’t worried last night but I am now. Not for myself but for others, this is something this area has truly never seen before. The consequences are going to be like nothing we’ve seen in Florida. The entire Tampa Bay area, Sarasota, possibly even the Fort Myers area is going to receive life threatening surge. The monetary damage is going to be immense. I don’t like fear mongering these things, but seeing first hand what happened to my family and others in Ian, this is something we need to be scared of.",negative,0,negative,0,negative,0,1,1
phi_mil_67_c120,facebook,comment,What is your gut feeling for landfall?,neutral,0,neutral,0,neutral,0,1,1
lr445ag,whitehouse,comment,"Oh here we go with the ""I'm the expert"" (on reddit lol) BS. How dare anyone question you?",negative,0,negative,0,negative,0,1,1
phi_deb_July31_2_c147,facebook,comment,I think all of Florida will get wet for the weekend..😆,neutral,0,positive,0,,0,0,1
1fyfdgx,reddit,post,Hurricane Shutter installation [removed],neutral,0,neutral,0,neutral,0,1,1
phi_deb_Aug1_1_c105,facebook,comment,"Will stay tuned! Thanks so much for keeping us informed as you are (at that current time) remember you guys, at best Dennis is giving you an extremely educated guess as to what's going to happen but even for him, things are unpredictable sometimes.",positive,1,positive,1,positive,1,1,1
phi_mil_64_c141,facebook,comment,"there is no hunkering down for this. get out while you still can, the window to act is closing very rapidly.",negative,0,negative,0,negative,0,1,1
phi_deb_Aug3_3_c059,facebook,comment,Keep in going left!!!!!,positive,0,positive,0,positive,0,1,1
lr0hxug,reddit,comment,"I think the possition shown is from the latest 15th advisory released by the National Hurricane Center at 2100 UTC .  
 At the time of this comment the utc time is 2300 so no its not current its for 3 ago. The colors you see are the water levels created by solving the equation for the data we had at 2100UTC I think.  
Check the advisory here  
https://www.nhc.noaa.gov/archive/2024/al14/al142024.fstadv.015.shtml?",neutral,0,neutral,0,neutral,0,1,1
lqw07sq,reddit,comment,The Feds should pull all funding and tell Meatball to F all the way off. Pay for it yourself Meatball,negative,0,negative,0,negative,0,1,1
phi_mil_33_c112,facebook,comment,I booked a hotel in Deland. We are in Tampa Bay. It will be better there than here unless it rides up the east coast.,neutral,0,neutral,0,neutral,0,1,1
lr4bq0n,reddit,comment,"I know that if you read Hurston's *Their Eyes Were Watching God*, there is a hurricane, and all the creatures act out and people run and hide in crops, I think. It's been awhile since I read it, but the author lived in central FL for awhile.",neutral,0,neutral,0,neutral,0,1,1
lr5m07e,reddit,comment,"People in my zone A neighborhood thought we were silly for evacuating during Helene because “it’s never flooded in the <20,30,40> years I’ve lived here.” Literally everyone said that 

Our neighborhood was inundated with about 3-3.5 feet of water in each house during Helene. I’ve heard that for Milton, water rescues may not be possible with this storm due to the ground conditions when calls may come in.",neutral,0,neutral,0,neutral,0,1,1
lqy5oxy,reddit,comment,"I literally said the fed doesn't care about you, i said the fed is doing nothing for those effected, its the states who are helping. I said nothing about the VP, and I don't need to acknowledge the republicans vote on that shit because i already did by encompassing them all as ""The fed"". That's Democrats and Republicans. You posted a picture that half supports my statement that the fed doesn't care. It's all political to them, Democrats and Republicans, and they only care about how they'll look or how it'll hurt their constituents on the other side, not how it will actually help Americans. But go off and continue to think make assumptions on what I literally didn't say, thw only one here thats angry is you. You're head is burried in the sand, your hate for one side keeps you from seeing the reality that neither the Democrats or the Republicans actually give a shit about you but you, like the rest of reddit, eat up their lies and spur on this asinine divide.",negative,0,negative,0,negative,0,1,1
phi_deb_Aug4_64_c101,facebook,comment,"Tuned in, here in treasure island, from Kentucky- this storm is a first for me! 🌧️ 🌪️ 🏝️",neutral,0,neutral,0,neutral,0,1,1
phi_mil_91_c086,facebook,comment,How will this impact be for Brevard County?,neutral,0,neutral,0,neutral,0,1,1
phi_mil_56_c178,facebook,comment,How long do you anticipate us being in full surge and will it all recede as quickly as it did with Helene?,neutral,0,neutral,0,neutral,0,1,1
phi_mil_71_c147,facebook,comment,Although this could be daybreak Thursday maybe,neutral,0,neutral,0,neutral,0,1,1
phi_mil_174_c133,facebook,comment,I think it's North Mountain Arendell...??? No phone tho..,neutral,0,neutral,0,neutral,0,1,1
lr4vsdb,whitehouse,comment,"Not hardly. It’s ludicrous to claim this has been the best.

Prior to Katrina making landfall an entire division of the 82nd was mobilized, and the response was put under the command of the military who went immediately after the Hurricane. That hasn’t happened here. 

That aside, I’m open to correction. Post a link to Kamala’s statements where she stated there would be more than the $750",neutral,0,neutral,0,neutral,0,1,1
lp4g96d,reddit,comment,"Dunedin here, power went off around 7:30, still off. Hasn’t been so bad, some rain and wind.",neutral,0,neutral,0,neutral,0,1,1
1fzznzx,reddit,post,Floridians refusing to flee hurricane told to write names on arms so their bodies can be identified,negative,0,negative,0,negative,0,1,1
lp1a3mm,reddit,comment,"Florida needs more underground power lines - there, I solved it",neutral,0,neutral,0,neutral,0,1,1
lr0a6bl,reddit,comment,Its always been like this. Especially upnortherners doen here. Yay,positive,0,positive,0,positive,0,1,1
phi_hel_41_c136,facebook,comment,Thank you Denis !,positive,1,positive,1,positive,1,1,1
lp7s3tz,reddit,comment,"In Temple Terrace. Some tree limbs tossed around but nothing other than that. Have a retention pond near me, so no flooding.",neutral,0,neutral,0,neutral,0,1,1
lp4b9bt,reddit,comment,Swannanoa * river,neutral,0,neutral,0,neutral,0,1,1
phi_mil_39_c137,facebook,comment,right there ain't no one of them that knows what they're doing they try their best but weather is not predictable,negative,0,negative,0,negative,0,1,1
phi_mil_183_c180,facebook,comment,"The eye looks disorganized now, which is great!",positive,0,positive,0,positive,0,1,1
lqlo2pv,reddit,comment,The arrival time of tropical storm winds hasn’t changed much.  Still roughly 8PM Tuesday.,neutral,0,neutral,0,neutral,0,1,1
lg7crmg,reddit,comment,It's more consistent with ECMWF,neutral,0,neutral,0,neutral,0,1,1
lr3817j,reddit,comment,"You always, always, always have to prepare your community for a worst case scenario when a worst case scenario is headed straight towards you. People still may die there, even if the storm doesn’t hit them directly. Storm surge is pushing water their way and they are expecting massive flooding.",neutral,0,neutral,0,neutral,0,1,1
phi_mil_188_c170,facebook,comment,Is there any flooding In oldsmar ?,neutral,0,neutral,0,neutral,0,1,1
lqy5wwr,reddit,comment,"I live due east of there less than a mile. I don’t think any of my neighbors are evacuating. The river is no where near them. There is likely to be a lot of wind so anything could happen. But the bigger risks, like storm surge, don’t impact them at all. Many perfectly rational people made the same choice to stay that they did 😊. 

If you can’t reach them after, send me a message. Once everything is all clear I’m happy to drive over and check on them.",positive,0,neutral,0,,0,0,1
lqu0c0f,reddit,comment,"No, that is illegal.",neutral,0,neutral,0,neutral,0,1,1
1fz4f19,reddit,post,"If you are anywhere that might lose power during Hurricane Milton and have an Iphone, UPDATE to IOS 18. There is an SOS radar feature that you may need!  [HOW TO INSTALL](https://support.apple.com/en-us/101573)",neutral,0,neutral,0,neutral,0,1,1
1fpk2qs,reddit,post,"Where are people evacuating to? Georgia has a strong track record of supporting evacuees, with places like the  Atlanta Motor Speedway setting up RV camps. However, this storm is expected to reach Cat 1 hurricane status across much of the evacuation zone, and being mobile isn’t a safe option for hunkering down. Where are people going? And stay safe y'all.",neutral,0,neutral,0,neutral,0,1,1
lop7dka,reddit,comment,Not to mention if it hits slightly west of us it will actually be worse.,neutral,0,neutral,0,neutral,0,1,1
lqjvq2e,reddit,comment,"I hope the inching North doesn’t mean the cold front will be weaker than previously thought. I hope Milton is sheered and dealt a healthy dose of cold, dry air.",neutral,0,neutral,0,neutral,0,1,1
phi_deb_Aug1_9_c002,facebook,comment,most recent I think I remember was Sandy.,neutral,0,neutral,0,neutral,0,1,1
lqx42db,reddit,comment,"I grew up in the southeast USA, it used to be boring. With more snow. Now there’s just super hurricanes, we’re also becoming tornado ally AND when it does snow once every 5yrs (instead of ever other year) it’s super freaking cold, it’s more ice, and it messes everything up. 

Yeah tell me climate change ain’t real when I’ve seen it change here and I’m only 34! It’s also been 85f in October. Sure I live in Atlanta but it’s normally low 70’s f this time do year in the afternoons.",neutral,0,neutral,0,neutral,0,1,1
phi_hel_88_c163,facebook,comment,we are good ( knock wood) in Dunedin,positive,0,neutral,0,,0,0,1
phi_mil_68_c067,facebook,comment,"I am in Citrus Park, home built in 2006. Hunkering down",neutral,0,neutral,0,neutral,0,1,1
lp8803h,reddit,comment,Check wind speed for past 3 days in Panama City here: https://forecast.weather.gov/data/obhistory/KECP.html,neutral,0,neutral,0,neutral,0,1,1
phi_mil_4_c108,facebook,comment,Mike's Weather Page is saying he is worried for florida. 🫣 dennis and mike seem to be in sync and friends. Thanks for keeping us updated.,neutral,1,neutral,1,neutral,1,1,1
phi_hel_51_c077,facebook,comment,"it will be posted on their website, along with checking their flight status online",neutral,0,neutral,0,neutral,0,1,1
lqz8zpk,reddit,comment,Tampa is cooked,negative,0,negative,0,negative,0,1,1
1ejbdvl,reddit,post,Debby We got it covered.,neutral,0,neutral,0,neutral,0,1,1
phi_hel_28_c013,facebook,comment,We have a kid at USF via Colorado. We were told to start following you ASAP. We are so glad that we did! You are the best.,positive,1,positive,0,positive,,1,0
lqyzmup,reddit,comment,You are doing the right thing! I imagine it must be very difficult to leave your home. But it’s better to shelter with others in a secured place than to be left alone and vulnerable. You will be all right.,positive,0,positive,0,positive,0,1,1
phi_mil_73_c200,facebook,comment,I hate it's gonna be night time. Everyone needs to rest up tonight and during the day Wednesday. Praying for all of us .,positive,0,positive,0,positive,0,1,1
lp2pstz,reddit,comment,Dude. I'm an atheist and I'm downvoting your BS. You're being a tool. Go pick arguments somewhere else.,negative,0,negative,0,negative,0,1,1
phi_mil_182_c183,facebook,comment,the winds should start slowing down at midnight,neutral,0,neutral,0,neutral,0,1,1
lp4wk0i,reddit,comment,The forecast wasn't wrong.,neutral,0,neutral,0,neutral,0,1,1
lqyyt4m,reddit,comment,"We're neighbors! Like, probably very close neighbors... *waves*

I was watching a horror movie and there was suddenly this loud alarm sound. For a while, I thought it was the movie because they were in a school and stuff was getting damaged, like the fire alarm had gone off, but I increasingly started thinking it wasn't the movie...it was my phone. Like, TORNADO WARNING TAKE SHELTER NOW. Hello. At the time, the sky was OK, but there was this dark gray in the distance. I went to my bathroom, but I couldn't resist coming out regularly to peek out (this will be my death one day!) and was staring at a weather app. Like, the traffic on the screen was shifting suddenly from green and yellow to red, and then the areas that had been red would start to go yellow as it had passed over. Meanwhile, people are still being hacked to death or whatever on my TV. :-D 

I saw a video later of a guy driving through it, and the most interesting part was when he showed a PIP of his dashcam from the day before at the exact same time. Like, ""just in case y'all are thinking it's evening so of course it's dark out, here's yesterday."" Pitch black versus broad fucking daylight.",neutral,0,neutral,0,neutral,0,1,1
lqk20s8,reddit,comment,"I feel you! I find it difficult, so I like to go in stages and think about where I want to be. I really need to do it again soon. I wonder if natural disaster prep would be a good motivation. ""If I have to evacuate and lose everything, what is important enough to bring with me?"" ""What things would I be devastated to lose?"" Getting things down to where the important things can easily be brought along, and everything else can just be rebought (like sheets, towels, cleaning supplies, so on) without it feeling like a massive undertaking to get started again. I'm rambling/thinking to myself a bit here, sorry! Anyway, that thought has helped me in the past, including how I buy things. I haven't thought about it in a while, so have a lot of things again... Woops.",neutral,0,neutral,0,neutral,0,1,1
lr4t2ws,whitehouse,comment,"initial funding you can get more through many different programs, but you have to watch something besides fox news to see this FACT.",neutral,0,neutral,0,neutral,0,1,1
lqvz7if,reddit,comment,"Flight level winds on the last pass were only ~130kts. If I'm not mistaken, that works out to about 135mph estimated surface winds. Quite a significant drop off.

And yes I did say *only 130kts.* Today set the bar pretty high.",neutral,0,neutral,0,neutral,0,1,1
lqu1ynd,reddit,comment,"If this were even possible with current technology, and it’s not, then it would still not necessarily be prudent to do so. Hurricanes are one of the ways potential energy is dissipated on Earth. Weakening one storm would just delay that energy dissipation, potentially resulting in even more powerful storms in the future.",neutral,0,neutral,0,neutral,0,1,1
lqw9z2e,reddit,comment,Yup. I've packed what I could in my little car and said goodbye to everything else. 💔,negative,0,negative,0,negative,0,1,1
lr5rz3k,whitehouse,comment,"To answer your question, yes you can still get FEMA assistance even with homeowners insurance. Homeowners insurance has a deductible, the initial 750 kind of covers that.",neutral,0,neutral,0,neutral,0,1,1
phi_hel_9_c142,facebook,comment,looks that way to me.,neutral,0,neutral,0,neutral,0,1,1
phi_deb_Aug1_11_c047,facebook,comment,What about East Lake road in Palm Harbor ? Will we have rain?,neutral,0,neutral,0,neutral,0,1,1
lqzc1e6,reddit,comment,"In Helene, Tampa Fire responded to ten times more fires than a normal day. Some fires they were not able to reach and buildings burned completely 

In Milton, the wind and water will be higher further restricting their response.  I doubt they could make it to the island. 

What are you going to do if there is a fire in your building? Go swimming in a hurricane?

Leave now. Go somewhere else.",negative,0,negative,0,negative,0,1,1
1fzmvi7,reddit,post,Milton images from the Space Station  https://x.com/dominickmatthew/status/1843426012777890186?s=46,neutral,0,neutral,0,neutral,0,1,1
phi_hel_126_c162,facebook,comment,Big prayers for Citrus County...,neutral,0,neutral,0,neutral,0,1,1
lr3yvqt,whitehouse,comment,"Redditor for 10 months. This is the first comment.

Hmm what account farm are you from? 🤔",neutral,0,neutral,0,neutral,0,1,1
dee_deb_GregDeeJuly31st_2,facebook,post,I'm tracking a tropical wave that's heading toward Florida this weekend,neutral,0,neutral,0,neutral,0,1,1
phi_deb_July31_4_c104,facebook,comment,I have no words,neutral,0,neutral,0,neutral,0,1,1
1fz82rk,reddit,post,FLORIDA WILL SURVIVE MILTON. Can people just calm down a little and let us focus on what we need to do and help us stay better informed instead of berating us and down voting everything we are saying here???,negative,0,negative,0,negative,0,1,1
phi_deb_July31_4_c160,facebook,comment,See you at 6 and then at 7:30 for DPL.,neutral,0,neutral,0,neutral,0,1,1
phi_hel_13_c104,facebook,comment,3 days away,neutral,0,neutral,0,neutral,0,1,1
phi_hel_106_c154,facebook,comment,they don’t know but the guess is 5-8 feet,neutral,0,neutral,0,neutral,0,1,1
phi_mil_88_c141,facebook,comment,How do you know when it’s a tornado when refrigerators are swirling around??,neutral,0,neutral,0,neutral,0,1,1
phi_mil_94_c163,facebook,comment,yes ma'am you probably are you should be watching the weather and not panicking at this point,neutral,0,neutral,0,neutral,0,1,1
lqv0p81,reddit,comment,Fr all this guy does is complain about everybody,negative,0,negative,0,negative,0,1,1
lqueuwv,reddit,comment,Those are my concerns as well. Glad to hear someone else is staying though,neutral,0,neutral,0,neutral,0,1,1
lqoblgl,reddit,comment,"I was a kid hiding in a small closet with 8 family members when the eye passed over us in Deep Creek. Terrified to go through it again. On one hand, we probably are going to leave. On the other, I’m sick at the idea of sitting in a hotel room wondering what’s happening to our home and having no way of finding out. 

Just awful.",negative,0,negative,0,negative,0,1,1
lr13drm,reddit,comment,"I wonder how feasible it would be to 'stormchase' a hurricane on a big boat, and just do everything you can to kick off your chase as the eye forms and then just....stay in the eye? lol it would be wild but I guess probably nearly-certain death. I mean what, so you stay in the eye for a few days on your boat, keeping pace with the hurricane, and then....landfall? Ooops! Trapped!",neutral,0,negative,0,,0,0,1
lr5s38v,reddit,comment,Posts like this and the responses they get make me realize just how fucked this world is.,negative,0,negative,0,negative,0,1,1
lp434px,reddit,comment,Download podcasts and fews books. And if you have a powerbank make sure that’s charged,neutral,0,neutral,0,neutral,0,1,1
lqvuh67,reddit,comment,"It seems not to be clear, and definitely soke confusion.

But NOAA NHC in their discussions said the model tracks are too far south and will not be counted. I thinkkkkkkk it may have to do with thr EWRC causing recon data to be off but honestly, theres people who know more than I do that can explain it better",neutral,0,neutral,0,neutral,0,1,1
lr47mks,whitehouse,comment,And apparently accepting people's applications. What's your point?,negative,0,negative,0,negative,0,1,1
lp6scq1,reddit,comment,My folks live in Soperton and have a pine farm. I'm sure they'll send pictures of the damage later. I'm in Stateboro with no power.,negative,0,neutral,0,,0,0,1
lr6vcrs,whitehouse,comment,"Ah, got it, obtuse on purpose, enjoy your night.",negative,0,negative,0,negative,0,1,1
lft9hv6,reddit,comment,He also says he wasn't affiliated with Epstein 🤷,neutral,0,neutral,0,neutral,0,1,1
lr0xbv3,reddit,comment,"Easy fix. Send a set amount to the state and let the state distribute it as they see fit. It's the united states, the federal government doesn't need to roll in with beaurocracy and slow up the works. Hell, they messed up a gas can. So, I don't think they can handle the job they appointed themselves to do.",negative,0,negative,0,negative,0,1,1
phi_mil_72_c066,facebook,comment,"As a pastor for almost 30 years I appreciate your calm voice in the chaos! I know what it is for there to be someone to calmly tell the truth even if it's hard to hear! Thank you, Dennis ! You are the man! Rule number seven!",positive,1,positive,1,positive,1,1,1
phi_hel_55_c132,facebook,comment,Ian,neutral,0,neutral,0,neutral,0,1,1
phi_mil_175_c020,facebook,comment,where are you by? Little rd?,neutral,0,neutral,0,neutral,0,1,1
lr581x8,whitehouse,comment,I liked the FEMA coffins they had during Covid. Those were awesome looking.,negative,0,neutral,0,,0,0,1
lqtrj6j,reddit,comment,He’s such a child.,negative,0,negative,0,negative,0,1,1
looehim,reddit,comment,That's ridiculous. Were your meetings in Cuba?,negative,0,negative,0,negative,0,1,1
lqvvkt4,reddit,comment,Think it could be pushing Milton northward?,neutral,0,neutral,0,neutral,0,1,1
lr3rr37,whitehouse,comment,"Same, I'm glad that as one of the wealthiest GPDs on planet Earth we can put money towards several different endeavors for the good of mankind 🥰.  Makes me proud to see other patriots, carry on!",negative,0,negative,0,negative,0,1,1
lp7m3d9,reddit,comment,"You are confusing a hurricane with the Fujita scale, which uses damage after a tornado as a metric. Hurricane strength is only judged by wind speed. https://www.weather.gov/mfl/saffirsimpson",neutral,0,neutral,0,neutral,0,1,1
phi_hel_22_c138,facebook,comment,I’m new to Florida. Why do you worry about a wobble. I don’t understand the implications.,neutral,0,neutral,0,neutral,0,1,1
phi_hel_20_c189,facebook,comment,there is an interactive map you can zoom in on. It's currently showing 3 to 6 feet with the 11am update.,neutral,0,neutral,0,neutral,0,1,1
1fqtcgj,reddit,post,is the weather too bad for a weekend trip?  we're supposed to be coming to asheville today for the weekend. Is this a bad idea? will we be able to hike or even do anything downtown?,neutral,0,neutral,0,neutral,0,1,1
phi_mil_21_c046,facebook,comment,It needs to come down for an extended vacation!,neutral,0,neutral,0,neutral,0,1,1
phi_hel_29_c036,facebook,comment,they have to say that but it’s all contingent on how it plays out. They are in a waiting game just like all of us,neutral,0,neutral,0,neutral,0,1,1
phi_mil_11_c060,facebook,comment,aren’t you still prepared from the last hurricane?,neutral,0,neutral,0,neutral,0,1,1
lr48huf,reddit,comment,I'm in Tampa and same. My partner has AT&T and has received numerous alerts while I've received 0 on Verizon.,neutral,0,neutral,0,neutral,0,1,1
lqv78o5,reddit,comment,"The eye is open to the south, and radar and microwave imagery are consistent with an outer eyewall on the south side.",neutral,0,neutral,0,neutral,0,1,1
phi_mil_6_c715,facebook,comment,I just can't take anymore!!,negative,0,negative,0,negative,0,1,1
1fyk551,reddit,post,Help If I’m 13ft elevation will the storm surge need to be 13ft to hit me?,neutral,0,neutral,0,neutral,0,1,1
lp1w98f,reddit,comment,"Big storm

Local subreddits: This makes me think about Trump",neutral,0,neutral,0,neutral,0,1,1
phi_hel_58_c029,facebook,comment,Wind and rain only in DB. Squally weather. No biggie expected.,neutral,0,neutral,0,neutral,0,1,1
phi_mil_69_c044,facebook,comment,I deleted the app and won’t watch it,neutral,0,neutral,0,neutral,0,1,1
phi_hel_173_c065,facebook,comment,Thank you Denis to you and your crew to help keeping us calm and well informed during these storms. You are the best!,positive,1,positive,1,positive,1,1,1
phi_deb_Aug4_5_c112,facebook,comment,Im planning on def leaving some water in the skimmer and turning off the pool pump anyway. Don’t want any power outrage possibly frying my system.,neutral,0,neutral,0,neutral,0,1,1
lr1bigs,whitehouse,comment,Remember to vote for decency. The election is now.,neutral,0,neutral,0,neutral,0,1,1
1fp7edd,reddit,post,Hurricane question…  Watching Helene ..  pressure is 979 . Now it’s entering the Gulf ..   so can the conditions in the Gulf drop the pressure more than ocean sea ?,neutral,0,neutral,0,neutral,0,1,1
lqupxe7,reddit,comment,"3 month old account with no posts, negative karma, 7 comments with most of them pro-trump. Totally legit.",negative,0,negative,0,negative,0,1,1
phi_hel_44_c014,facebook,comment,Florida gets things up and running super fast. The schools are prepared.,neutral,0,neutral,0,neutral,0,1,1
1fyxfdj,reddit,post,"Milton:  “Helene, Hold My Beer”",neutral,0,neutral,0,neutral,0,1,1
lqnuvkl,reddit,comment,"OP, your county can provide transportation to the special needs shelters if you contact them early enough. When making the decision to stay or go, make sure you are calculating how many days your generator will run for, and what you will run on it (some people just run their fridge and put on the AC a little at night, some people want all the things running). If this storm is as bad as they are saying it is, people could be without power for up to a week or more.",neutral,0,neutral,0,neutral,0,1,1
lp86f9e,reddit,comment,"Quite old, remodeled within the last 10 years.  We had 130 mph gust and this sits at the southern end of the downtown grid a little offset and at the base of an overpass about 3 miles from the airport that is recording wind speed.  All that to say it doesn’t appear to be that the wind was funneled directly toward this building, but it was being pounded on its broadside. The beams that look like split steel are all wooden, old but well built.",neutral,0,neutral,0,neutral,0,1,1
phi_mil_167_c025,facebook,comment,your hotel should look after you well mrs. Aww I know the kids tnink it’s brilliant,positive,0,positive,0,positive,0,1,1
lr05f5k,reddit,comment,Mexico is fine. Far enough away from the center.,neutral,0,neutral,0,neutral,0,1,1
phi_mil_31_c088,facebook,comment,We got this Tampa Bay!!!,positive,0,positive,0,positive,0,1,1
phi_hel_176_c063,facebook,comment,Thank you all!,positive,1,positive,1,positive,1,1,1
dee_mil_GregDeeOct8_46,facebook,post,Conditions are rough at Clearwater Beach already & the eye of Hurricane Milton is still 70 miles to the south. Video taken 6pm Oct 9.,neutral,0,neutral,0,neutral,0,1,1
phi_deb_Aug4_77,facebook,post,"A Tornado Warning has been issued for parts of Sarasota, Manatee until Aug 04 10:00PM. Download the ABC Action News App for the latest weather information.",neutral,0,neutral,0,neutral,0,1,1
phi_deb_Aug3_10_c178,facebook,comment,That's a heck of a jump in 60 seconds lol,neutral,0,neutral,0,neutral,0,1,1
lr5azo0,whitehouse,comment,"If you look at https://poweroutage.us/area/state/north%20carolina you can see that Mitchell county is the only one that is still over 50% out, and it's at 52%, so it does in fact cover ""a fraction"" of the small towns and rural homes. Over half of the people still without power are in Buncombe County, where Asheville is, because that's where the majority of the population in the region is. 

They fixed the main lines first, because that's how it works, they need to have power in the main lines to get it to the smaller ones. The work now will slow down as they have to go into more difficult areas to fix individual lines out to those rural communities, but it's a matter of logistics, not a matter of preferential treatment.",neutral,0,neutral,0,neutral,0,1,1
phi_deb_Aug4_58,facebook,post,"A Tornado Warning has been issued for parts of Sarasota, Charlotte, DeSoto, Manatee until Aug 04 5:30PM. Download the ABC Action News App for the latest weather information.",neutral,0,neutral,0,neutral,0,1,1
lr5u06s,whitehouse,comment,"You mean the same misinformation that people were removed from social medial and or cancelled for?

Like how the Vax didn't stop the spread or contraction? Or how masks were ineffective? Or how the virus had little effect on the young and healthy? The same ""misinformation"" that has sense been confirmed and acknowledged by both science and the MSM? Can't make this shit up.

Yeah okay. Anyways here's a source 
https://oversight.house.gov/release/classified-state-department-documents-credibly-suggest-covid-19-lab-leak-wenstrup-pushes-for-declassification/

Where's mine? I wanna know if it's close to the billions we sent for these proxy wars (so I can stop twisting).

And I'm brainwashed lmao",negative,0,negative,0,negative,0,1,1
lowv6f2,reddit,comment,"My power goes out if you look at it the wrong way, so I am expecting power outages and my yard will probably flood a little. I am really hopeful there aren't any landslides here in the SW mountains - I live across the road from the base of a mountain that has had a deadly slide before, so I should be Ok up on my hill. Neighbors over that way, though...",neutral,0,neutral,0,neutral,0,1,1
phi_deb_Aug1_7_c042,facebook,comment,So sweet,positive,0,positive,0,positive,0,1,1
