hypothesis,model,subset,platform,test,slope,ci_low,ci_high,p,r2,group_a,group_b,hurricane
H2,vader,overall,facebook,ols,-0.002787939859941022,-0.0050032992821974,-0.0005725804376846438,0.013643618453517423,0.00010184186908823722,,,
H2,vader,overall,reddit,ols,0.0025617346053384573,0.00068406321533431,0.004439405995342605,0.0074954837218964825,5.906632142782531e-05,,,
H2,vader,,,ols_interaction,0.005349674465275184,0.0022889231916766195,0.00841042573887375,0.0006133358997470447,,reddit,facebook,
H2,vader,,facebook,ols,-0.013703466336044039,-0.017995384017601746,-0.009411548654486332,3.988644455546523e-10,0.0024123243032575514,,,debby
H2,vader,,reddit,ols,-0.006632741863823924,-0.013839132659501163,0.0005736489318533145,0.07123513720156986,0.00037128129912167296,,,debby
H2,vader,,facebook,ols,-0.008137237499211471,-0.013737507372474646,-0.002536967625948296,0.004404610396205594,0.0005698299557900244,,,helene
H2,vader,,reddit,ols,-0.016165515270551278,-0.020331967405694606,-0.01199906313540795,2.929492057318629e-14,0.0017523063086338775,,,helene
H2,vader,,facebook,ols,0.006420528886275109,0.003305133078070676,0.009535924694479541,5.371020760993275e-05,0.0005564791717783679,,,milton
H2,vader,,reddit,ols,0.004877227855701209,0.0023366799779373855,0.007417775733465033,0.00016820507886985232,0.0001784216239746339,,,milton
H2,roberta,overall,facebook,ols,0.004361455628374704,0.001316906633752818,0.00740600462299659,0.004989815416831724,0.00013196290036898706,,,
H2,roberta,overall,reddit,ols,0.00800259254229438,0.005973419571206047,0.010031765513382715,1.0860264875269375e-14,0.0004933390016649275,,,
H2,roberta,,,ols_interaction,0.0036411369139098446,7.503516954766908e-05,0.00720723865827202,0.04537045459216902,,reddit,facebook,
H2,roberta,,facebook,ols,-0.022898481893360786,-0.029000676823738518,-0.016796286962983055,1.9959255449084596e-13,0.0033290440400636223,,,debby
H2,roberta,,reddit,ols,-0.005116862257709702,-0.013047024772204482,0.002813300256785077,0.20596845943069392,0.0001825062693298074,,,debby
H2,roberta,,facebook,ols,-0.01086395368236383,-0.01859347901549519,-0.0031344283492324675,0.005876844424412362,0.0005332063091385564,,,helene
H2,roberta,,reddit,ols,-0.022337843266976576,-0.026984026496038045,-0.017691660037915106,4.640862221670962e-21,0.0026881048885422087,,,helene
H2,roberta,,facebook,ols,0.03021855911070298,0.02606711151805979,0.034370006703346175,4.99482701797468e-46,0.006897914232200764,,,milton
H2,roberta,,reddit,ols,0.012301012815007185,0.009599244481939759,0.015002781148074611,4.600746412436487e-19,0.001002728799744168,,,milton
