topic_category,Debby,Helene,Milton,debby,helene,milton
gratitude,0.1075,0.0965,0.071,0.0,0.0,0.0
preparedness,0.0074,0.0197,0.0183,0.0952,0.1006,0.0448
forecast analysis,0.2875,0.3432,0.3607,0.1911,0.2186,0.3295
evacuation logistics,0.0076,0.0402,0.0571,0.0235,0.0435,0.0581
political / FEMA criticism,0.0,0.0,0.0,0.213,0.2357,0.2826
misinformation,0.0,0.0,0.0,0.0,0.0,0.0
government resources,0.0117,0.0098,0.0042,0.0008,0.0015,0.0023
personal experience,0.4202,0.3647,0.2856,0.4282,0.3639,0.2509
emotional response,0.158,0.1259,0.203,0.0482,0.0363,0.0319
