id,hurricane,source_type,platform,type,text,vader_label,roberta_label
phi_mil_174_c135,milton,community_discussion,facebook,comment,Get that man a Christmas present,neutral,POS
lp8yslg,helene,community_discussion,reddit,comment,As if that’s gonna help lol,positive,NEG
lp7swoh,helene,community_discussion,reddit,comment,Everything should be back and running by then for the most part I’d say but no promises especially if another storm develops here soon. Beaches won’t be as beautiful as they usually are for sure.,positive,NEUTRAL
lopb76l,helene,community_discussion,reddit,comment,"While I wish that were the case, that's not 100% written in stone. Just because Tampa isn't in the cone doesn't mean they won't get impacts from the storm, such as storm surge.",positive,NEUTRAL
phi_mil_20_c102,milton,community_discussion,facebook,comment,Goodness I meant Tuesday night but I changed to Monday.,positive,NEUTRAL
phi_mil_105_c095,milton,community_discussion,facebook,comment,he's on YouTube and Facebook as well. There is also the abc action news app as everyone is saying. i downloaded it on my firestick.,positive,NEUTRAL
looijy3,helene,community_discussion,reddit,comment,Yeah but hurricanes die quick after making landfall. On my app it's saying it's gonna be a tropical storm by the time it gets to south central georgia. Around coffee county.,negative,NEUTRAL
loxbie6,helene,community_discussion,reddit,comment,"He never looks any older, what is going on?",neutral,NEG
lr1eag0,milton,community_discussion,reddit,comment,Your parents will kick you out for trying to protect yourself? That doesn't sound healthy. Sanity is priceless. And so is your life. I'm sorry you're in this situation.,neutral,NEG
loxak8q,helene,community_discussion,reddit,comment,"I'm a fickle bitch and it could be anything. I'm on my lady time so it's all sweets all day and Nerds gummy clusters are gonna be a whole food group. 

However.

I just want someone else to witness the collection of things my partner picked up for snacks: booze, three cans of Beefaroni, one small bag of Funyuns, four blueberry muffins and a jar of peanut butter. He looked upon his works (ye mighty) and said, 100% seriously, ""we could live for like a month on this.""

Yes I did do all the other prep, why do you ask",positive,NEG
lqup56l,milton,community_discussion,reddit,comment,"nah i agree, this post feels like its shitting on our situation more than making light. Theres a time and place for things like this.",positive,NEG
lp0yiqo,helene,community_discussion,reddit,comment,"While I have doubts on your assumption, I haven't seen a thorough calculation.

3-5X upfront costs in short term is all that gets shared.

Regardless, it's 2024 and we're running a 1960s grid.

There must be a better way.

We must invest in infrastructure.",positive,NEG
lqy0xff,milton,community_discussion,reddit,comment,"I was in Miami for Andrew, I can tell you all you want to know about 150 mph. In that situation, take your family and run down the highway if you have to, get out. It sounds literally like a train driving through your house.",positive,NEG
lqvnwek,milton,community_discussion,reddit,comment,"but that's dumb. That shouldn't be a 5. That should be a 6 imho. OR we overhaul the entire scale and use modern technology to calculate the category based not just on wind speed but on storm surge, pressure, etc. into a formula that blends everything together. And I don't believe there is a limit to how high the categories could go. It's literally just a label, and I would like it labeled as accurately as we can. That will help people better prepare.",positive,NEG
lp0i173,helene,community_discussion,reddit,comment,"It is definitely the front of a two car garage, the vehicle is parked parallel to it for some reason.",positive,NEUTRAL
phi_hel_25_c103,helene,community_discussion,facebook,comment,"I imagine it's because the storm isn't tightly formed yet, it's still a blob at this point. By the runs tonight I'm sure it'll be a bit more certain. Or as certain as cones can be, anyway",positive,NEUTRAL
phi_hel_57_c018,helene,community_discussion,facebook,comment,Treasure Island what should we expect,positive,NEUTRAL
lqtz7i5,milton,community_discussion,reddit,comment,"Ronald DeSanctimonious.

His political career is shot and he’s bringing Florida down with him.",neutral,NEG
lqxcem7,milton,community_discussion,reddit,comment,You’re so gullible lol,positive,NEG
lr2pvh0,milton,community_discussion,reddit,comment,"Yes. And reading the analysis that the article is based on, it's obvious that Jake Johnson, the commondreams.org author, does not.




en


es
Climate Shift Index: Ocean
The Climate Shift Index: Ocean quantifies the influence of climate change on sea surface temperatures. It’s grounded in peer-reviewed attribution science and was launched by Climate Central in 2024.


Jump to the FAQ
Ocean CSI map graphic
Click to explore the Ocean CSI map and visualize how climate change is influencing sea surface temperatures around the globe
How the Climate Shift Index: Ocean works
The Climate Shift Index: Ocean (Ocean CSI) is a system that computes the climate change fingerprint on daily ocean temperatures. More specifically, it indicates how human-caused climate change (from humans burning fossil fuels) has influenced the likelihood of daily sea surface temperatures occurring at nearly any location around the world’s oceans.


https://www.climatecentral.org/climate-shift-index-ocean



> The Ocean CSI scale ranges from -1000 to +1000, where positive numbers indicate sea surface temperatures that are more likely due to climate change (negative scores indicate temperatures that are less likely). Zero indicates there is no robust climate change influence on the likelihood of the temperature. For example, a value of 800 means that climate change made the observed sea surface temperature at least 800 times more likely in today’s climate. 


When Johnson wrote ""high sea-surface temperatures fueling the monstrous storm's rapid intensification were made between 400 and 800 times more likely by the climate crisis"", he SHOULD HAVE written ""high sea-surface temperatures that intensified this storm were at least 400 to 800 times more likely as a result of the climate crisis"".


There is a difference. One statement has more certainty than is warranted by the science. A casual reader like yourself can gloss over it, but a critical reader will spot it and question it. A critical reader who doesn't bother clicking through to the underlying analysis will just concluse that the article is wrong (which it is) and leave it at that.",negative,NEUTRAL
lr1t0qz,milton,community_discussion,reddit,comment,there's stuff still available in Miami. I would go there.,neutral,POS
phi_mil_17_c040,milton,community_discussion,facebook,comment,i will pray that more people will start to understand that climate change is man-made and that we as a nation should look towards eliminating our dependency on fossil fuels.,positive,NEUTRAL
lqvs52q,milton,community_discussion,reddit,comment,"If you live in florida,  storm and hurricane are normal for folks down there.   They don't get scared.   You are listening to many democratic news.  They are creating fears like you need to get vaccine for covid.",positive,NEG
lp2oslz,helene,community_discussion,reddit,comment,"It’s true we can’t collectively bargain yet. But NCAE is building our power to be ready to make that change as quickly as we can. But there has been an effort from people who aren’t against public education to make this insanely hard for us for the past 50 years. We’re fighting but it’s hard when you’re already burned out, over worked, and underpaid. We need people to know we are trying and that we need their help.",positive,NEUTRAL
phi_mil_39_c184,milton,community_discussion,facebook,comment,But he was also saying that with wind sheer it causes the storm to stretch out and widen. So it seems like it contradicts itself in it weakening.,negative,NEUTRAL
lqutjmd,milton,community_discussion,reddit,comment,Usually it’s NE however at points this storms strongest winds have been SE,positive,NEUTRAL
lr1e0at,milton,community_discussion,reddit,comment,Following this logic aren't Californians and northerners in general celebrating about these people suffering in the Hurricanes?  Seems like you've already got some wool there buddy.,positive,NEG
lqto82d,milton,community_discussion,reddit,comment,I was asked what I’m suggesting.  Thats what I’m suggesting.  Anyone in those areas where there’s a risk of major surge and flooding need to get out if possible.  Because quite simply it’s very likely a life and death situation.  You are saying that’s not possible.  I wasn’t asked what’s possible.  I was asked what am I suggesting.,negative,NEUTRAL
phi_mil_9_c075,milton,community_discussion,facebook,comment,it was on a decline to develop and then met with the pacific disturbance and intensified. It happens.,negative,NEUTRAL
lqnwtuj,milton,community_discussion,reddit,comment,"from what i understand is if it strengthens it’ll go more north, if the shear weakens it it’ll be pushed more south",positive,NEUTRAL
lp8qkx5,helene,community_discussion,reddit,comment,I40 between Hartford TN and NC MM30 is effectively GONE.,positive,NEG
lozcdsr,helene,community_discussion,reddit,comment,"Thank you for your submission to r/TropicalWeather, but it's been removed due to one or more reason(s):

This belongs in the [Helene tracking thread](https://www.reddit.com/r/TropicalWeather/comments/1fp6k3k/helene_09l_gulf_of_mexico/).



Please feel free to [send a modmail](https://www.reddit.com/message/compose?to=%2Fr%2FTropicalWeather) if you feel this was in error.",positive,NEUTRAL
lqwtxdt,milton,community_discussion,reddit,comment,Very few people in Jacksonville should consider evacuating at this time.,neutral,NEG
lowepad,helene,community_discussion,reddit,comment,Almost like living in the transition zone between the *checks notes* sub*tropics* and temperate zones wouldn’t have tropical storms,positive,NEUTRAL
lqtla5l,milton,community_discussion,reddit,comment,The NHC didn't expect this storm to intensify this quickly.,neutral,NEG
phi_hel_153_c060,helene,community_discussion,facebook,comment,"My house creaked louder here than any hurricane i ever lived through in Broward county. Had I known how many of these ""non-sustained"" gusts we would get I would have prepared for a hurricane. Have heard so many things hit my house, likely bc nobody prepared for a windstorm here.",positive,NEG
lqvtnpd,milton,community_discussion,reddit,comment,"In Orlando you should just accept that the chances of the power going out for multiple days is really high and not having running water could be an issue too. That's in addition to the usual making sure things are tied down outside and stuff.

I'm not a Floridian but I was in Orlando for Charlie (a cat 4) which went right over where I was staying. By the time it hit Orlando it was only a cat 2 or so but it did a lot of damage to some areas. We were without power for 5 days where I was staying but on day three we found an outdoor mall with power and hit up the movie theater there a lot just to get some A/C for a bit.

Milton will be worse, if not for you then for others and the response post-storm will be focussed on the areas hit hardest, so things might not come back for you as quick as you'd like.

So yeah, prepare.",positive,NEG
lr0in3t,milton,community_discussion,reddit,comment,"No doubt, that is a lot of cots to put together. However, there is a trick to it. First, insert one bar through the fabric slot at the head of the cot and rotate it onto both tabs. Then, insert the second bar through the fabric slot at the foot of the cot, but ONLY CONNECT ONE TAB. Finally, insert an extra bar through the hole at the unconnected corner of the cot and use it as a lever to force the foot bar onto the final tab. It's much easier and a one person job.",positive,NEUTRAL
lqqs29n,milton,community_discussion,reddit,comment,"Not too bad. Not sure about track - if I recall correctly they showed landfall a bit further east than it ended up being - but after the first few runs (initially overzealous about RI, then exaggerating the impact of land interaction with the Yucatan, vacillating between C3-C5 peak) they settled around Category 4 at landfall, which verified. May have been a little too aggressive especially early on but ultimately performed quite well.",positive,NEUTRAL
phi_mil_28_c086,milton,community_discussion,facebook,comment,"I think it’s smart that our district waits. It’s one of the reasons we rarely have to make up days. With all the rain today, maybe they’ll close for tomorrow. No one needs to wait to hear about school closures to make plans, though. If someone feels the need to evacuate starting tomorrow, just do it. It’s an understandable absence.",positive,NEUTRAL
lox6hid,helene,community_discussion,reddit,comment,"It’s a good bet in all but the most catastrophic (and unlikely) of scenarios that most folks and services will be up and running by Sunday, and likely before that.",negative,NEUTRAL
lqv3pyw,milton,community_discussion,reddit,comment,Well a million people live on a glorified sand bar in Tampa Bay so it’s not going to be good.,positive,NEG
phi_mil_67_c080,milton,community_discussion,facebook,comment,I know things change in the blink of an eye but what exactly is bradenton expecting right now!,neutral,NEG
lqkcfrn,milton,community_discussion,reddit,comment,"My sister almost drowned in Pennsylvania in Hurricane Camille - trying to rescue a kid who got swept into a creek that had become a raging river. She was under water so long that she had lost consciousness, but some fast moving neighbor boys ran downstream where the water spread out and slowed down, and they dragged her out and saved her.  This was 18 miles northwest of Philadelphia. A suburban area with a creek that was normally only about 18 inches wide.",positive,NEG
lqgmwsw,milton,community_discussion,reddit,comment,How is this storm looking for the east coast more towards Daytona? I know there’s a lot of talk about the west coast and I’m a little worried since there’s been flooding lately,negative,NEUTRAL
lr15l7g,milton,community_discussion,reddit,comment,"Both parties are corrupted , reason why Teddy made the bull moose",positive,NEG
lr2mhv8,milton,community_discussion,reddit,comment,What makes you think they are random lol,positive,NEG
lquxori,milton,community_discussion,reddit,comment,"“Virtue signaling” count up to 3

New buzzword. Yay",positive,NEUTRAL
lomobj6,helene,community_discussion,reddit,comment,"The key here will be the low pressure front cutting across the country. If it speeds up, it’ll push the hurricane into a landfall anywhere between Sarasota and Cedar Key. If it keeps at this speed, it’ll be at the big bend. If it slows, it’ll be all panhandle. Either way, the strongest part of a hurricane is generally on the west side of it, usually northwest area, which could still impact Tampa area, even if it hits the big bend. 

My point is, don’t wait til the last second to plan accordingly. Don’t go panic buying, but be prepared because models keep nudging it east as the front gets closer.",negative,NEUTRAL
phi_mil_79_c149,milton,community_discussion,facebook,comment,"If people are told to evacuate, and they choose to stay and weather the storm, they are not only put in their own lives in danger but they are putting the lives of the first responders in danger. Please be safe and evacuate! Better safe than sorry!",positive,NEG
phi_mil_77_c057,milton,community_discussion,facebook,comment,"it has happened. During Irma he joked and said rule #7, rule #7. The window was closing for evacuation time. Especially in Clearwater. Last minute he packs up his car and family……",positive,NEUTRAL
lr2urje,milton,community_discussion,reddit,comment,Thanks from Tampa (sheltering in north Florida). I just talked to evacuees at a breakfast diner from Ft. Myers and Ocala. The restaurant had to call in extra staff.. even the owner’s daughter was working! Big evac,positive,NEUTRAL
loylk6i,helene,community_discussion,reddit,comment,"Miami hasn’t taken it for the team in quite a while. Just saying.

![gif](giphy|uZr3j5tjC4gljUcEy2)",neutral,NEG
phi_mil_175_c192,milton,community_discussion,facebook,comment,We got this #DPstrong,neutral,POS
phi_deb_Aug2_8_c036,debby,community_discussion,facebook,comment,I got the same question 🙋🏻‍♀️,positive,NEUTRAL
lqm27c2,milton,community_discussion,reddit,comment,"Yeah, those windspeed probabilities will increase as time passes. It's just to far out for them to be 100% certain on much yet.",positive,NEUTRAL
lquvyn8,milton,community_discussion,reddit,comment,Freighting image - pray for all the people out there 🙏,positive,NEUTRAL
lqskh60,milton,community_discussion,reddit,comment,Ya lost me there. Like the storm is moving at 40 knots along the atmosphere?? What I'm mostly getting from all these responses is that [windy.com](http://windy.com) sucks XD,positive,NEG
lp4ud07,helene,community_discussion,reddit,comment,Our power just went out,neutral,NEG
1fxhpyr,milton,community_discussion,reddit,post,Does anyone have experience with polywood tables sitting upside down in flood waters?  I’ve turned mine upside down to minimize blowing during the next hurricane but that means they will sit in sea water if we get another storm surge here in FL. TIA,positive,NEUTRAL
lquuhvt,milton,community_discussion,reddit,comment,"I promise you, we were like 20 to have seen the EWRC mentioned in the advisory. Idk if we all collectively dreamed or what. I'm sorry if it was a misled thing, because you're absolutely right, it does not look like it's undergoing an EWRC at all",positive,NEUTRAL
lg1nf8m,debby,community_discussion,reddit,comment,But corporate greed isn’t causing inflation……………..,negative,NEUTRAL
lqxr5y3,milton,community_discussion,reddit,comment,"Realtor here.

With owning a home in a flood zone many people will have a flood elevation certificate for their flood insurance.  Most people just don't look at it to see what it says their BFE is or height of first floor living area is, and many people have owned the home longer than it was has been common.",negative,NEUTRAL
lr19v6c,milton,community_discussion,reddit,comment,"GFS is a global model and not designed for hurricanes. Because of this, it doesn’t have the resolution to get the small area of low pressure of Milton and is averaging the pressure across a larger area. The hurricane models like HMON, HWRF, HAFS A/B have higher resolution and show the lower pressure",negative,NEUTRAL
phi_mil_87_c020,milton,community_discussion,facebook,comment,"It's at night when the upper and middle part of the atmosphere cools (because the sun is not there to heat it up) and that releases energy in the storms, which turns into winds and moisture.
With the increased winds and moisture, storms become stronger, likely pushing them further along their paths toward land.
I didn’t fully remember from reading about hurricanes while back ago, so had to Google",positive,NEUTRAL
lr0trme,milton,community_discussion,reddit,comment,"Might be an obvious one, but have you sorted all medications out? Having stuff like painkillers and electrolytes, as well as prescription meds all sorted might be useful. And idk if you have a way of storing them if it's stuff that needs to be insulated.",positive,NEUTRAL
lqrztr3,milton,community_discussion,reddit,comment,I don't think Category 5 is off the table. I think Category 5 is pretty much a guarantee at this point.,positive,NEUTRAL
lg2waer,debby,community_discussion,reddit,comment,"No worries. 

That's fair. The public understands the messaging behind the current scale, and altering it will necessarily result in confusion. Again - tricky.",positive,NEUTRAL
lqpk8pe,milton,community_discussion,reddit,comment,Yes. This will be the first time I’ve left town for a storm.,positive,NEUTRAL
phi_mil_98_c148,milton,community_discussion,facebook,comment,So siesta key is going to be wiped out based on this,neutral,NEG
1fxnwch,milton,community_discussion,reddit,post,Harris says federal aid for Hurricane Helene relief ‘here for the long term’ | North Carolina,positive,NEUTRAL
phi_mil_49_c107,milton,community_discussion,facebook,comment,it’s already a Cat 5. But the forecast has it weakening somewhat to a Cat 3 at landfall.,negative,NEUTRAL
phi_mil_51_c015,milton,community_discussion,facebook,comment,I can't eat. Living on coffee. Feel for ya xx take care of yourself honey. It takes a village. We get through,positive,NEG
lqjhd8i,milton,community_discussion,reddit,comment,"Very much this. You'd be surprised at the amount of wall crawlers compared to those posting. You probably won't change the mind of the vocal folks, but the wall crawlers might consider, and that makes it worth it.",positive,NEUTRAL
lqyg88i,milton,community_discussion,reddit,comment,"Ask them why though. I’d say a good 60-70% believe in climate change but refuse to believe it’s from burning oil, and think it’s from development like asphalt and stuff.",positive,NEG
phi_deb_Aug2_19_c154,debby,community_discussion,facebook,comment,"Florida weather is not for the faint of heart.
You got that right! My heart is faint. My gut is in turmoil for half the year!",positive,NEG
low0sq5,helene,community_discussion,reddit,comment,We’re in a rural area (not near a grocery store) and are always stocked up. So thankful we’ve never had to run the store during pre-storm panic. I see it on the news and it looks stressful.,negative,POS
lqpb5z6,milton,community_discussion,reddit,comment,"I’m on your side here.. but I would argue it’s the other way around. Climate change is a symptom of global warming, no?",negative,NEUTRAL
phi_hel_11_c020,helene,community_discussion,facebook,comment,"Instead of using up water to clean yourself up, keep a pack of baby wipes under the sink, as long as it's a new unopened pack it will last forever. I've been through many growing up in south Florida including Hurricane Andrew. Also keep a big bottle of baby powder too, when the power is out for 2 weeks and you're miserable dripping sweat the baby powder will at least help keep you feel a little dryer.",positive,NEUTRAL
phi_mil_164_c014,milton,community_discussion,facebook,comment,praying for Parish and all of you in the area of the hurricane,positive,NEUTRAL
lp7pgvu,helene,community_discussion,reddit,comment,"Storm is still happening but the path of devastation it's left so far is definitely an sobering moment for the preparedness of the region for this type of storm. Especially with Climate change causing more and more extreme storms to happen, they will have to drastically alter the way even inland populations prepare for such a massive fast moving storm. Thinking of all the people in its path, lets hope this clears up soon.",positive,NEG
lr0vhw3,milton,community_discussion,reddit,comment,"Of course it weakens when it hits land, that's how hurricanes work",negative,NEUTRAL
lr4mkna,milton,community_discussion,reddit,comment,"Yes, was watching him for Helene coverage and he had a tornado warning every 2 minutes it seemed like",positive,NEUTRAL
lr652ro,milton,community_discussion,reddit,comment,So what's it accounting now? Its basically set in stone feet wise?,positive,NEUTRAL
lqn0ukq,milton,community_discussion,reddit,comment,Don’t come here. Please.,positive,NEG
lqtmm3c,milton,community_discussion,reddit,comment,Share the quote and link it.,positive,NEUTRAL
loxf256,helene,community_discussion,reddit,comment,Also Lowes and home depot type places. We get the refillable 5 gallon water cooler jugs at the local Lowes. They were fully stocked this morning. No idea now.,negative,NEUTRAL
lgllzn2,debby,community_discussion,reddit,comment,"Also, he was just on the phone with his boss who is driving up from boca to check on his stores, he says many places are open, including Dunkin’ Donuts. I’ll never understand business owners who want their employees to ignore emergency warnings and ask their people to come in just because they are.",negative,NEUTRAL
lqw0eb8,milton,community_discussion,reddit,comment,The cone is always the same width and represents the potential error of the path over time.,negative,NEUTRAL
phi_mil_107_c020,milton,community_discussion,facebook,comment,"reminds me of the kids shows asking me to talk to the TV lol
OK I actually do that, so I guess I might as well try this..",positive,NEUTRAL
lr50u54,milton,community_discussion,reddit,comment,"Not trying to be a dick, but prayers don't do anything. If you really want to help, just try your best to eliminate useless consumption and be more efficient when you use fossil fuels (car rides, flights, ect). 

All that amazon junk that is manufactured in China has a large carbon footprint we don't see, and small changes within a large population makes a big difference. Everyone can help potentially lessen climate effects by reducing their consumption. I've been really trying to not purchase things I don't need, and keep using items and clothing to the end of it's lifecycle. 

Might not be enough of a difference at this point, but still it helps.",positive,NEG
phi_mil_106_c032,milton,community_discussion,facebook,comment,wish I had xanex,positive,NEUTRAL
phi_mil_182_c041,milton,community_discussion,facebook,comment,my power went out 3x for 1 min,neutral,NEG
lovmyiw,helene,community_discussion,reddit,comment,"Run from water, hide from wind.  Tally won't get a storm surge even with a Cat 6.  There are legit expectations of >100 mph winds.  As long as you can protect your home as best as you can from wind and also find a sturdy brick or concrete shelter, you shouldn't have to travel.",positive,NEUTRAL
phi_mil_18_c068,milton,community_discussion,facebook,comment,same here in clearwater. Planning to go to GA hopefully,positive,NEUTRAL
lqg8gg5,milton,community_discussion,reddit,comment,Y’all never know the difference between “you’re”and “your.” It always makes me laugh.,positive,NEG
loqno30,helene,community_discussion,reddit,comment,"Find a cup of coffee and get some Ashevillian native to tell you the story or urban myth about the guy who designed the drainage system with different sized pipes and when he died, he had the only blueprint of that setup buried with him.

And then travel Biltmore Village during a rain and believe every word.",negative,NEUTRAL
lqufxpg,milton,community_discussion,reddit,comment,"At Cat 3 with a 12-foot surge (15 feet coastal) is unimaginably destructive. But this thing is currently 180 MPH. If it “weakens” 20 MPH, it will still be a Cat 5. It could very well ”weaken” to a completely impossible to comprehend Cat 4.",positive,NEG
lp46kp2,helene,community_discussion,reddit,comment,"Yes, down in Rockport!",positive,NEUTRAL
lqipzr2,milton,community_discussion,reddit,comment,"Praying isn't working.. act,  plan !!",positive,NEG
